species,fire_response,page,post_fire_recovery,conservation_code,primary_juvenile_period
Acacia acuminata,OSS,145,medium to slow,NA,NA
Acacia acuminata,OSS,177,medium,NA,NA
Acacia aemula ssp. aemula,OSS,195,NA,P4,NA
Acacia aemula ssp. muricata,OSS,178,medium,NA,NA
Acacia amyctica,NA,195,NA,P2,NA
Acacia ancistrophylla var.. perarcuata,NA,195,NA,P3,NA
Acacia arcuatilis,NA,195,NA,P2,NA
Acacia argutifolia,NA,156,NA,NA,NA
Acacia argutifolia,OSS,195,NA,P4,>36
Acacia asepala,NA,195,NA,P2,NA
Acacia ataxiphylla ssp. ataxiphylla,NA,195,NA,P3,NA
Acacia awestoniana,OSS,195,NA,R,48
Acacia bidentata,NA,145,NA,NA,NA
Acacia bifaria,NA,195,NA,P3,NA
Acacia brachyphylla var.. recurvata,NA,195,NA,P3,NA
Acacia browniana,OSS,149,rapid,NA,NA
Acacia carnosula,NA,188,NA,NA,NA
Acacia chrysocephala,OSS,178,medium,NA,NA
Acacia conniana,OSS,193,NA,NA,NA
Acacia cyclops,OSS,161,NA,NA,NA
Acacia cyclops,OSS,193,rapid,NA,NA
Acacia declinata,NA,195,NA,P3,NA
Acacia depressa,NA,195,NA,R,NA
Acacia diaphana,NA,195,NA,P1,NA
Acacia dictyoneura,OSS,195,NA,P4,NA
Acacia diminuta,NA,195,NA,P1,NA
Acacia dissona var.. indoloria,NA,195,NA,P3,NA
Acacia disticha,OSS?,195,NA,P3,NA
Acacia drewiana spp minor,OSS,178,NA,NA,NA
Acacia drummondii ssp. elegans Porongurup variant (R.J. Cumming 938),OSS,195,NA,P4,NA
Acacia durabilis,OSS,170,NA,P3,>36
Acacia duriuscula,NA,177,NA,NA,NA
Acacia empelioclada,NA,195,NA,P4,NA
Acacia erinacea,NA,145,NA,NA,NA
Acacia errabunda,?OSS,195,NA,P3,NA
Acacia euthyphylla,NA,195,NA,P3,NA
Acacia fragilis,NA,145,NA,NA,NA
Acacia glaucissima,NA,145,NA,P3,NA
Acacia glaucoptera,OSS,164,rapid,NA,NA
Acacia glaucoptera,OSS,188,NA,NA,NA
Acacia gonophylla,OSS,178,medium,NA,NA
Acacia gonophylla,OSS,188,NA,NA,NA
Acacia grisea,NA,195,NA,P4,NA
Acacia heterochroa,OSS?,170,NA,NA,NA
Acacia heterochroa ssp. robertii,NA,195,NA,P2,NA
Acacia heteroclita spp heteroclita,OSS,193,NA,NA,NA
Acacia heteroclita ssp. valida,OSS,144,NA,P2,NA
Acacia hystrix ssp. continua,NA,196,NA,P1,NA
Acacia imparilis,OSS,196,NA,P2,36±
Acacia improcera,NA,196,NA,P3,NA
Acacia incanicarpa,RS,196,NA,P2,NA
Acacia incongesta,NA,176,NA,NA,NA
Acacia laricina var.. crassifolia,OSS,196,NA,P3,NA
Acacia lasiocalyx,OSS?,177,NA,NA,NA
Acacia leioderma Fitzgerald River N.P. variant (A.S. George 9922),OSS?,196,NA,P2,NA
Acacia littorea,OSS,161,NA,NA,NA
Acacia microneura,NA,196,NA,P1,NA
Acacia moirii ssp. dasycarpa,OSS?,196,NA,P4,NA
Acacia mutabilis ssp angustifolia,OSS,188,NA,NA,NA
Acacia mutabilis ssp. incurva,OSS,196,NA,P2,NA
Acacia mutabilis ssp. mutabilis,OSS,188,NA,NA,NA
Acacia mutabilis ssp. rhynchophylla,NA,196,NA,P3,NA
Acacia myrtifolia,OSS,142,NA,NA,NA
Acacia myrtifolia,OSS,152,rapid,NA,NA
Acacia newbeyi,NA,196,NA,P3,NA
Acacia nitidula,NA,196,NA,P2,NA
Acacia ophiolithica,OSS,172,NA,NA,NA
Acacia oswaldii,NA,188,NA,NA,NA
Acacia papulosa,NA,196,NA,P2,NA
Acacia pentadenia,OSS,149,medium to slow,NA,NA
Acacia phlebopetala var.. pubescens,NA,196,NA,P2,NA
Acacia pinguiculosa,OSS,172,NA,NA,NA
Acacia pinguiculosa ssp. pinguiculosa,OSS?,196,NA,P4,NA
Acacia pinguiculosa ssp. teretifolia,OSS,145,NA,NA,NA
Acacia prismifolia,NA,196,NA,X,NA
Acacia resinomarginea,NA,180,NA,NA,NA
Acacia rhamphophylla,OSS,196,NA,R,NA
Acacia rostellata,OSS,178,medium,NA,NA
Acacia rostellifera,OSS,193,rapid to medium,NA,NA
Acacia shuttleworthii,OSS,178,NA,NA,NA
Acacia simulans,OSS,196,NA,P4,≤48
Acacia singula,NA,196,NA,P3,NA
Acacia sp. Esperance (M.A. Burgman 1833b),NA,196,NA,P1,NA
Acacia sp. Petrudor Rocks (B.R. Maslin 7714),NA,196,NA,P1,NA
Acacia sp. Ravensthorpe Range (B.R. Maslin 5463),NA,196,NA,P1,NA
Acacia spp,NA,147,NA,NA,NA
Acacia stereophylla,NA,180,NA,NA,NA
Acacia subtiliformis,NA,196,NA,P3,NA
Acacia sulcata ssp. sulcata,OSS,140,NA,NA,NA
Acacia truculenta,NA,196,NA,P3,NA
Acacia trulliformis,OSS,196,NA,R,NA
Acacia tryptycha,NA,145,NA,NA,NA
Acacia undosa,NA,196,NA,P3,NA
Acacia unifillis,OSS,178,NA,NA,NA
Acacia veronica,OSS,196,NA,P3,NA
Acidonia microcarpa,OSS,152,medium,NA,NA
Acrotriche cordata,NA,161,NA,NA,NA
Acrotriche dura,NA,196,NA,P2,NA
Acrotriche parviflora,NA,196,NA,P4,NA
Actinotus rhomboideus,OSS,196,NA,P4,≤24
Actinotus sp Walpole,OSS,196,NA,P3,NA
Adeanthos cuneatus,RS,188,NA,NA,NA
Adenanthos cacomorphus,RS,196,NA,P2,NA
Adenanthos cuneatus,RS,185,NA,NA,NA
Adenanthos cygnorum,OSS,147,NA,NA,NA
Adenanthos dobagii,OSS,196,NA,R,48
Adenanthos dobsonii,NA,188,NA,NA,NA
Adenanthos ellipticus,OSS,156,medium,R,48
Adenanthos ellipticus x cuneatus,OSS,156,NA,NA,NA
Adenanthos eyri,OSS,188,NA,NA,NA
Adenanthos filifolius,OSS,155,NA,P3,48 to 60
Adenanthos forrestii,RS,188,NA,NA,NA
Adenanthos gracilipes,NA,196,NA,P3,NA
Adenanthos ileticos,NA,191,NA,P4,NA
Adenanthos labillardierei,OSS,196,NA,P4,NA
Adenanthos labilliardierei,OSS,157,NA,NA,NA
Adenanthos linearis,OSS?,196,NA,P2,48±
Adenanthos obovatus,RS,152,NA,NA,NA
Adenanthos oreophilus,OSS,157,NA,NA,NA
Adenanthos pungens,OSS,158,NA,NA,NA
Adenanthos pungens ssp. effusus,NA,196,NA,R,NA
Adenanthos pungens ssp. pungens,OSS,196,NA,R,NA
Adenanthos sericeous,OSS,161,NA,NA,NA
Adenanthos velutinus,NA,196,NA,R,NA
Adenanthos venosus,RS,157,NA,NA,NA
Adenanthos x cunninghamii,OSS,196,NA,P4,NA
Agonis baxteri,RS,142,NA,NA,NA
Agonis baxteri (obtusissima),RS,157,NA,NA,NA
Agonis flexuosa,OSC,161,NA,NA,NA
Agonis flexuosa,OSC/RS,141,NA,NA,NA
Agonis flexuosa,RS ep/ OSC,154,NA,NA,NA
Agonis flexuosa,RS/OSC,141,NA,NA,NA
Agonis undulata,NA,196,NA,P3,NA
Agrostocrinum scabrum ssp. littorale,NA,196,NA,P2,NA
Alexgeorgea ganopoda,RS/OSS,196,NA,P3,24
Allocasuarina acuaria,NA,147,NA,NA,NA
Allocasuarina acutivalvis,OSC,177,medium to slow,NA,NA
Allocasuarina acutivalvis,OSC,180,NA,NA,NA
Allocasuarina acutivalvis ssp. acutivalvis,OSC,172,NA,NA,NA
Allocasuarina campestris,?OSC,142,NA,NA,NA
Allocasuarina campestris,OSC,145,NA,NA,NA
Allocasuarina corniculata,NA,180,NA,NA,NA
Allocasuarina decussata,RS ep,149,NA,NA,NA
Allocasuarina decussata,RS/ ep,149,NA,NA,NA
Allocasuarina fraseriana,RS ep,150,NA,NA,NA
Allocasuarina globosa,NA,177,NA,NA,NA
Allocasuarina helmsii,NA,177,NA,NA,NA
Allocasuarina huegeliana,OSC,145,slow,NA,NA
Allocasuarina huegeliana,OSC,172,medium to slow,NA,NA
Allocasuarina huegeliana,OSC,191,NA,NA,NA
Allocasuarina hystericosa,RS,172,NA,NA,NA
Allocasuarina hystricosa,RS,197,NA,P3,NA
Allocasuarina lehmanniana,OSC,147,NA,NA,NA
Allocasuarina microstachys,RS,165,NA,NA,NA
Allocasuarina preissii,NA,188,NA,NA,NA
Allocasuarina sclerocalda,RS,185,NA,NA,NA
Allocasuarina scleroclada,RS,145,NA,NA,NA
Allocasuarina spinosissima,?,191,NA,NA,NA
Allocasuarina spinosissima,OSC ?,172,NA,NA,NA
Allocasuarina trichodon,OSC,141,NA,NA,NA
Allocasuarina trichodon,OSC,164,slow,NA,NA
Alogyne hakeifolia,OSS,193,rapid,NA,NA
Alyxia buxifolia,NA,193,NA,NA,NA
Amanita carneiphylla,NA,197,NA,P2,NA
Amperea protensa,RS,197,NA,P3,NA
Anarthria laevis,RS,163,NA,NA,NA
Andersonia amabile,OSS,197,NA,P3,24
Andersonia auriculata,OSS,197,NA,P3,36
Andersonia axilliflora,OSS,155,slow,R,14
Andersonia carinata,OSS,197,NA,P3,NA
Andersonia depressa,OSS,197,NA,P3,NA
Andersonia echinocephala,OSS,197,NA,P3,>48
Andersonia grandiflora,OSS,197,NA,P3,NA
Andersonia hammersleyana,OSS,197,NA,P2,36 to 48
Andersonia hammerslyeana,OSS,143,medium,NA,NA
Andersonia jamesii,OSS,197,NA,P1,24
Andersonia jamesii,OSS,197,NA,P1,36
Andersonia lazulina,OSS,197,NA,P3,24
Andersonia pinaster,OSS,151,medium,R,36
Andersonia redolens,OSS,197,NA,P1,36 to 48
Andersonia setifolia,OSS,140,NA,P3,NA
Andersonia sprengelioides,OSS,140,rapid,NA,NA
Andersonia virolens,OSS,143,rapid,P2,24 to 36
Angasomyrtus salina,NA,197,NA,P2,NA
Anigozanthos bicolor ssp. minor,OSS,197,NA,R,12 to 24
Anigozanthos gabrielae,Annual,142,rapid,NA,NA
Anthocercis fasciculata,OSS,197,NA,P4,≤24
Anthocercis genistoides,OSS,176,rapid,NA,NA
Anthocercis littorea,NA,193,NA,NA,NA
Anthocercis sylvicola,RS,197,NA,P2,NA
Anthocercis viscosa,RS,140,NA,NA,NA
Anthocercis viscosa ssp. caudata,NA,193,NA,NA,NA
Anthocercis viscosa ssp. caudata,?OSS,142,NA,NA,NA
Aotus franklandii,?,197,NA,P2,NA
Aotus genistoides,OSS,155,NA,NA,NA
Aotus intermedia,OSS,152,NA,NA,NA
Aotus lanea,NA,197,NA,P1,NA
Aotus prosacris,NA,197,NA,P1,NA
Apium prostratum ssp. phillipi,OSS,150,rapid,NA,NA
Apium prostratum ssp. phillipii,OSS,197,NA,R,12
Apodasmia ceramophila,RS,197,NA,P2,NA
Asplenium aethiopicum,FERN,197,NA,P4,NA
Asplenium aethiopicum,Fern,140,NA,NA,NA
Asplenium obtusatum ssp. northlandicum,FERN,197,NA,R,NA
Astartea arbuscula,OSS,197,NA,P4,36 to 48
Astartea fascicularis,RS,193,NA,NA,NA
Astartea scoparia,RS,152,NA,NA,NA
Astartea sp. Esperance (A. Fairall 2431),NA,197,NA,P1,NA
Astartea sp. Fitzgerald (K.R. Newbey 10844),NA,197,NA,P2,NA
Astartea sp. Hopetoun area (A.S. George 10594),OSS,197,NA,P3,NA
Astartea sp. Jerdacuttup (A. Strid 21898),NA,197,NA,P1,NA
Astartea sp. Jyndabinbin Rocks (K.R. Newbey 7689),NA,197,NA,P2,NA
Astartea sp. Mt Johnston (A.R. Annels 5645),OSS,197,NA,P3,36 to 48
Astartea sp. staminodes,OSS?,156,NA,NA,NA
Astartea sp.Fitzgerald(K.R.Newbey 10844),NA,197,NA,P2,NA
Asteridea archeri,OSS,197,NA,P2,NA
Asteridea gracilis,NA,197,NA,P3,NA
Asterolasia sp. Kalgan,OSS,144,NA,NA,NA
Asterolasia sp. Kalgan River (S. Barrett 1522),OSS,197,NA,P1,NA
Astroloma microphyllum,NA,197,NA,P3,NA
Astroloma recurvum,NA,197,NA,P3,NA
Astroloma sp. Grass Patch (A.J.G. Wilson 110),NA,197,NA,P2,NA
Astroloma sp.Nannup(R.D.Royce 3978),NA,197,NA,P4,NA
Astus duomilius,NA,197,NA,P1,NA
Astus wittweri,NA,197,NA,P2,NA
Atriplex muelleri,NA,197,NA,P1,NA
Atriplex spp,NA,174,NA,NA,NA
Austrodanthonia occidentalis,RS,154,NA,NA,NA
Austrofestuca littoralis,RS?,197,NA,P1,NA
Austrostipa flavescens,OSS,154,rapid,NA,NA
Baeckea crassifolia subsp.. icosandra,NA,145,NA,NA,NA
Baeckea crispiflora ssp. Ongerup (A. Scougall & C.,NA,198,NA,NA,NA
Baeckea sp. Exclamation Lake (M.E. Trudgen 1524),NA,198,NA,P1,NA
Baeckea sp. Gibson (K.R. Newbey 11084),NA,198,NA,P1,NA
Baeckea sp. Hatter Hill (K.R. Newbey 3284),NA,198,NA,P3,NA
Baeckea sp. Merredin (K.R. Newbey 2506),NA,198,NA,P3,NA
Baeckea sp. Mt Gibbs (G.F. Craig 7031),NA,198,NA,P2,NA
Baeckea sp. Mt Glasse (P.G. Wilson 5717),NA,198,NA,P2,NA
Baeckea sp. Youndegin Hill (A.S. George 15772),NA,198,NA,P1,NA
Bankisa plumosa ssp. denticulata,OSC,156,medium,NA,NA
Banksa cirsioides,OSC,178,medium to slow,NA,NA
Banksia aculeata,OSC,158,slow,P2,96±
Banksia acuminata,RS,147,NA,P4,NA
Banksia alliacea,OSC,148,NA,NA,NA
Banksia alliaceae,OSC,185,NA,NA,NA
Banksia anatona,OSC,198,NA,R,72
Banksia arctotidis,RS,147,NA,NA,NA
Banksia arctotidis,RS?,158,medium,NA,NA
Banksia armata,RS,148,NA,NA,NA
Banksia armata subsp.. ignicida,OSS,145,NA,NA,NA
Banksia armata var. ignicida,OSC,142,NA,NA,NA
Banksia attenuata,RS,148,NA,NA,NA
Banksia attenuata,RS / OSC,151,NA,NA,NA
Banksia attenuata,RS ep/ OSC,167,NA,NA,NA
Banksia attenuata,RS/OSC,165,NA,NA,NA
Banksia baueri,OSC,157,slow,NA,NA
Banksia baxteri,OSC,158,medium to slow,NA,NA
Banksia baxteri,OSC,165,slow,NA,NA
Banksia biterax,OSC,151,medium,NA,NA
Banksia biterax,OSC,155,NA,NA,NA
Banksia blechnifolia,RS,159,NA,NA,NA
Banksia brownii,OSC,151,medium to slow,NA,NA
Banksia brownii,OSC,155,slow,NA,NA
Banksia brownii Coastal,OSC,198,NA,R,72
Banksia brownii Stirling Range,OSC,198,NA,R,>120
Banksia brunnea,OSC,148,medium,NA,NA
Banksia calophylla,RS,198,NA,P3,NA
Banksia calyei,OSC,178,slow,NA,NA
Banksia cirsiodes,OSC,172,medium to slow,NA,NA
Banksia cirsioides,OSC,170,medium to slow,NA,NA
Banksia cirsioides,OSC,183,medium,NA,NA
Banksia coccinea,OSC,151,medium to slow,NA,NA
Banksia concinna,OSC,155,slow,P4,>84
Banksia corvijuga,OSC,170,NA,P1,>36
Banksia densa var.. parva,OSC,198,NA,P2,48 to 60
Banksia drummondii,OSC,165,medium,NA,NA
Banksia dryandoides,OSC,165,medium,NA,NA
Banksia dryandroides,OSC,141,NA,NA,NA
Banksia dyandroides,OSC,163,NA,NA,NA
Banksia elderiana,RS,181,NA,NA,NA
Banksia epica,OSC,188,NA,NA,NA
Banksia erythrocaephala,RS,172,NA,NA,NA
Banksia erythrocephala,RS,178,NA,NA,NA
Banksia falcata,OSC,165,medium to slow,NA,NA
Banksia foliolata,OSC,155,NA,P4,60±
Banksia foliosissima,OSC,170,NA,P2,>36
Banksia formosa,OSC,140,medium,NA,NA
Banksia fraseri,RS,148,NA,NA,NA
Banksia goodii,RS,198,NA,R,NA
Banksia grandis,RS,149,NA,NA,NA
Banksia heliantha,OSC,157,NA,NA,NA
Banksia hirta,OSC,156,medium,P3,NA
Banksia ionthocarpa ssp. ionthocarpa,OSC,164,slow,R,>60
Banksia laevigata ssp. laevigata,OSC,164,slow,P4,NA
Banksia laevigata ssp. laevigata,OSC,170,NA,P4,NA
Banksia laevigata subsp. fuscolutea,OSC,181,medium to slow,NA,NA
Banksia lemanniana,OSC,157,slow,NA,NA
Banksia lemanniana,OSC,165,medium to slow,NA,NA
Banksia lemmaniana,OSC,160,slow,NA,NA
Banksia lepidorhiza,RS,198,NA,P1,NA
Banksia lepidorrhiza,RS,148,NA,NA,NA
Banksia littoralis,RS,153,NA,NA,NA
Banksia littoralis,RS ep,147,NA,NA,NA
Banksia lullfitzii,RS,180,NA,P3,NA
Banksia media,OSC,157,NA,NA,NA
Banksia media,OSC,165,medium to slow,NA,NA
Banksia media,OSC,181,slow,NA,NA
Banksia meganotia,RS,198,NA,P3,NA
Banksia meisnerii,OSC,148,medium,NA,NA
Banksia montana,OSC,155,slow,R,>120
Banksia mucronulata,OSC,151,medium,NA,NA
Banksia mucronulata,OSC,166,medium to slow,NA,NA
Banksia mucronulata sp. retrorsa,OSC,148,NA,NA,NA
Banksia mucronulata ssp. mucronulata,OSC,167,medium to slow,NA,NA
Banksia mucronulata ssp. retrorsa,OSC,198,NA,R,NA
Banksia nivea,OSC,185,NA,NA,NA
Banksia nivea ssp. nivea,OSC,148,NA,NA,NA
Banksia nivea ssp. nivea,OSC,179,medium,NA,NA
Banksia nutans,OSC,151,slow,NA,NA
Banksia nutans ssp. nutans,OSC,167,slow,NA,NA
Banksia obovata,OSC,151,medium,NA,NA
Banksia obovata,OSC,167,medium to slow,NA,NA
Banksia obtusa,OSC,183,NA,NA,NA
Banksia occidentalis,OSC,153,medium,NA,NA
Banksia oreophila,OSC,155,slow,NA,NA
Banksia oreophila,OSC,156,NA,NA,NA
Banksia oreophila,OSC,159,medium to slow,NA,NA
Banksia pallida,OSC,170,slow,NA,NA
Banksia pellaeifolia,RS,148,NA,NA,NA
Banksia petiolaris,OSC,185,medium,NA,NA
Banksia pilostylis,OSC,179,medium to slow,NA,NA
Banksia plumosa ssp. denticulata,OSC,159,medium,P2,≥48
Banksia plumosa ssp. plumosa,OSC,157,NA,NA,NA
Banksia plumosa ssp. plumosa,OSC,166,medium to slow,NA,NA
Banksia porrecta,?RS,148,NA,NA,NA
Banksia porrecta,RS/OSC,198,NA,P4,36
Banksia praemorsa,OSC,161,medium,NA,NA
Banksia prolata ssp. archeos,OSC,157,NA,P2,NA
Banksia prolata ssp. calcicola,OSC,198,NA,P1,NA
Banksia prolata ssp. prolata,OSC,185,NA,P3,NA
Banksia pseudoplumosa,OSC,198,NA,R,60 to 72
Banksia pteridifolia,RS,179,NA,NA,NA
Banksia pulchella,OSC,183,slow,NA,NA
Banksia purdieana,?OSC,181,NA,NA,NA
Banksia quercifolia,OSC,153,medium,NA,NA
Banksia repens,RS,185,NA,NA,NA
Banksia rufa ssp. chelomacarpa,RS,198,NA,P3,NA
Banksia rufa ssp. chemelocarpa,RS,179,NA,NA,NA
Banksia rufa ssp. flavescens,RS,198,NA,P3,NA
Banksia rufa ssp. pumila,OSC,198,NA,P2,60±
Banksia rufa ssp. pumilo,OSC,155,medium,NA,NA
Banksia seminuda,OSC,149,medium to slow,NA,NA
Banksia seneciifolia,OSC,198,NA,P3,>36
Banksia serra,OSC,151,medium,P4,36
Banksia sessilis,OSC,148,medium,NA,NA
Banksia sessilis var. cordata,OSC,198,NA,P4,NA
Banksia solandri,OSC,155,slow,P4,>84
Banksia speciosa,OSC,183,medium to slow,NA,NA
Banksia sphaerocarpa ssp. sphaerocarpa,RS,148,NA,NA,NA
Banksia sphaerocarpa var. dolichostyla,RS,198,NA,R,NA
Banksia sphaerocarpa var.. latifolia,RS,198,NA,P2,NA
Banksia squarrosa,OSC,151,medium,NA,NA
Banksia subpinnatifida var.. imberbis,OSC,198,NA,P2,NA
Banksia tenuifolia ssp tenuifolia,RS,166,NA,NA,NA
Banksia tenuis,OSC,148,NA,NA,NA
Banksia verticillata,OSC,140,slow,R,>120
Banksia violacea,OSC,165,medium to slow,NA,NA
Banksia violacea,OSC,179,slow,NA,NA
Banksia violacea,OSC,183,NA,NA,NA
Banksia violaceae,OSC,141,NA,NA,NA
Banksia violaceae,OSC,166,medium to slow,NA,NA
Banksia viscida,OSC,198,NA,P3,NA
Banksia xylothemelia,RS,179,NA,P3,NA
Banksia`grandis,RS,155,NA,NA,NA
Banskia calophylla,RS/OSC,159,NA,NA,NA
Baumea articulata,NA,154,NA,NA,NA
Baumea spp,NA,150,NA,NA,NA
Beaufortia aff schaueri,NA,157,NA,NA,NA
Beaufortia anisandra,OSC,155,slow,NA,NA
Beaufortia anisandra,OSC,159,medium to slow,NA,NA
Beaufortia cyrodonta,OSC,159,medium,NA,NA
Beaufortia empetrifolia,OSC,165,medium,NA,NA
Beaufortia micrantha,OSC,183,medium to slow,NA,NA
Beaufortia micrantha var. micrantha,OSC,181,medium to slow,NA,NA
Beaufortia micrantha var.. micrantha,OSC,179,medium to slow,NA,NA
Beaufortia orbifolia,OSC,169,NA,NA,NA
Beaufortia schaueri,OSC,145,NA,NA,NA
Beaufortia schaueri,OSC,166,medium,NA,NA
Beaufortia schaueri,OSC,170,medium to slow,NA,NA
Beaufortia sparsa,RS,152,NA,NA,NA
Bentleya diminuta,RS?,199,NA,P2,NA
Bentleya spinescens,NA,199,NA,P4,NA
Beyeria cockertonii,OSS,172,NA,R,NA
Beyeria sp. Ravensthorpe,OSS,169,NA,NA,NA
Beyeria villosa,OSS,199,NA,P4,NA
Billardiera drummondii,OSS,199,NA,P4,NA
Bnaksia grandis,RS,148,NA,NA,NA
Boronia acanthoclada,NA,199,NA,P2,NA
Boronia anceps,NA,199,NA,P3,NA
Boronia baeckeacea ssp. patula,NA,199,NA,P1,NA
Boronia baeckeacea subsp.. patula,NA,145,NA,NA,NA
Boronia clavata,OSS,199,NA,R,NA
Boronia coriacea,NA,199,NA,P2,NA
Boronia corynophylla,NA,199,NA,P2,NA
Boronia crassipes,OSS?,199,NA,P3,NA
Boronia crenulata var.. angustifolia,NA,199,NA,P4,NA
Boronia oxyantha var.. brevicalyx,OSS,199,NA,P3,NA
Boronia penicillata,NA,199,NA,P3,NA
Boronia revoluta,OSS?,199,NA,R,NA
Boronia scabra ssp. attenuata,NA,199,NA,P3,NA
Boronia sp..,NA,145,NA,NA,NA
Boronia virgata,OSS,199,NA,P3,24
Borya constricta,NA,146,NA,NA,NA
Borya longioscapa,RS/OSS,143,NA,NA,NA
Borya longiscapa,RS,199,NA,P2,NA
Borya sp..,NA,146,NA,NA,NA
Borya spp,NA,178,NA,NA,NA
Bossiaea atrata,NA,199,NA,P3,NA
Bossiaea concinna,NA,199,NA,P3,NA
Bossiaea dentata,OSS,142,NA,NA,NA
Bossiaea disticha,NA,199,NA,P3,NA
Bossiaea divaricata,NA,199,NA,P4,NA
Bossiaea flexuosa,NA,199,NA,P3,NA
Bossiaea linophylla,OSS,152,rapid,NA,NA
Bossiaea oxyclada,NA,199,NA,P2,NA
Bossiaea simulata,NA,199,NA,P1,NA
Bossiaea sp. Frankland (E.M. Sandiford EMS 896),NA,199,NA,P1,NA
Bossiaea spinosa,NA,199,NA,P3,NA
Bossiaea walkeri,NA,188,NA,NA,NA
Brachyloma mogin,NA,199,NA,P3,NA
Brachyloma nguba,NA,199,NA,P1,NA
Caesia viscida,GEO,199,NA,P2,NA
Caladenia abbreviata,GEO,199,NA,P2,NA
Caladenia arrecta,GEO,199,NA,P4,NA
Caladenia bryceana ssp. bryceana,GEO,199,NA,R,NA
Caladenia christineae,GEO,199,NA,R,NA
Caladenia cristata,GEO,199,NA,P4,NA
Caladenia discoidea,NA,146,NA,NA,NA
Caladenia dorrienii,GEO,199,NA,R,NA
Caladenia erythrochila,GEO,199,NA,P2,NA
Caladenia evanescens,GEO,199,NA,P1,NA
Caladenia exstans,GEO,199,NA,P4,NA
Caladenia harringtoniae,GEO,199,NA,R,NA
Caladenia integra,GEO,199,NA,P4,NA
Caladenia interjacens,GEO,199,NA,P4,NA
Caladenia longifimbriata,GEO,199,NA,P1,NA
Caladenia luteola,GEO,199,NA,P2,NA
Caladenia plicata,GEO,199,NA,P4,NA
Caladenia startiorum,GEO,199,NA,P2,NA
Caladenia voigtii,GEO,199,NA,P4,NA
Caladenia x triangularis,GEO,200,NA,P4,NA
Calectasia cyanea,OSS,200,NA,R,84
Calectasia keigheryi,RS,200,NA,P2,NA
Calectasia obtusa,RS,200,NA,P3,NA
Callistachys lanceolatum,OSS,147,NA,NA,NA
Callistachys lanceolatum / sp South Coast,OSS,153,NA,NA,NA
Callistemon glaucum,RS,152,NA,NA,NA
Callistemon phoeniceus,NA,177,NA,NA,NA
Callitris canescens,OSC,191,NA,NA,NA
Callitris columellaris,OSC,176,slow?,NA,NA
Callitris drummondii,OSC,179,NA,NA,NA
Callitris glaucophylla,OSC,176,slow?,NA,NA
Callitris preissii,OSC,141,slow,NA,NA
Callitris roei,OSC,178,slow,NA,NA
Calochilus sp. Hopetoun (H. Taylor s.n.),GEO,200,NA,P2,NA
Calothamnus affinis,OSC,159,medium,P4,48
Calothamnus asper,NA,177,NA,NA,NA
Calothamnus crassus,RS / OSC,155,NA,NA,NA
Calothamnus crassus,RS/OSC,200,NA,P4,NA
Calothamnus gracilis,RS,148,NA,NA,NA
Calothamnus huegelii,NA,148,NA,NA,NA
Calothamnus macrocarpus,RS,157,NA,P2,NA
Calothamnus microcarpus,OSC,200,NA,P2,36±
Calothamnus pinifolius,OSC,157,NA,NA,NA
Calothamnus quadridus,RS,164,NA,NA,NA
Calothamnus quadrifidus,RS,140,NA,NA,NA
Calothamnus quadrifidus,RS /OSC,172,NA,NA,NA
Calothamnus quadrifidus,RS/OSC,172,NA,NA,NA
Calothamnus robustus,?OSC,168,NA,P3,NA
Calothamnus robustus,OSC?,164,NA,NA,NA
Calothamnus sanguineus,RS,148,NA,NA,NA
Calothamnus sp. Kundip,OSC,157,NA,NA,NA
Calothamnus sp. Mt Lindesay,RS/OSC,143,medium - slow,NA,NA
Calothamnus sp. Mt Lindesay (B.G. Hammersley 439),RS/OSC,200,NA,P2,60 to 72
Calothamnus tuberosus,NA,145,NA,NA,NA
Calothamnus validus,NA,157,NA,NA,NA
Calothamnus villosus,OSC,142,NA,NA,NA
Calothamnus villosus,OSC?,157,NA,NA,NA
Calothamus gracilis,RS,179,NA,NA,NA
Calycopeplus marginatus,?OSS,200,NA,P3,NA
Calytrix nematoclada,NA,200,NA,P3,NA
Calytrix pulchella,NA,200,NA,P3,NA
Calytrix sp. Esperance,OSS,143,NA,NA,NA
Calytrix sp. Esperance,OSS?,140,NA,NA,NA
Calytrix tetragona,NA,193,NA,NA,NA
Calytrix tetragona,OSS?,178,NA,NA,NA
Carex tereticaulis,NA,200,NA,P1,NA
Carpobrotus pulcher,NA,200,NA,P2,NA
Caustis sp. Boyanup (G.S. McCutcheon 1706),RS,200,NA,P1,NA
Centrolepis caespitosa,OSS,200,NA,P4,NA
Centrolepis cephaloformis ssp. murrayi,OSS,200,NA,P3,NA
Cephalotus follicularis,RS,153,NA,NA,NA
Chamaescilla gibsonii,GEO,200,NA,P3,NA
Chamaexeros longicaulis,RS,200,NA,P2,24
Chamaluacium floriferum floriferum,OSS,200,NA,P3,36 to 48
Chamelaucium aorocladus,OSS?,200,NA,P2,36±
Chamelaucium axillare,?OSS,189,NA,NA,NA
Chamelaucium axillare,OSS,161,NA,NA,NA
Chamelaucium ciliatum,NA,145,NA,NA,NA
Chamelaucium floriferum ssp. diffusum,OSS,200,NA,P2,NA
Chamelaucium forrestii ssp. forrestii,OSS,143,NA,P2,NA
Chamelaucium forrestii ssp. orarium,NA,200,NA,P2,NA
Chamelaucium forrestii ssp. orarium,OSS?,140,NA,NA,NA
Chamelaucium juniperinum,OSS,200,NA,P2,NA
Choralaena quercifolia,OSS,149,rapid,NA,NA
Chordifex abortivus,OSS,200,NA,R,NA
Chordifex gracilior,OSS,200,NA,P3,NA
Chordifex isomorphus,RS,200,NA,P4,NA
Chordifex jacksonii,OSS,200,NA,P2,24
Chordifex leucoblepharus,RS,200,NA,P2,NA
Chordifex ornatus,OSS,200,NA,P2,NA
Choretrum glomeratum,NA,175,NA,NA,NA
Chorilaena quercifolia,OSS,193,rapid,NA,NA
Chorizema carinatum,NA,200,NA,P3,NA
Chorizema circinale,OSS,200,NA,P1,NA
Chorizema reticulatum,OSS,200,NA,P3,24
Chorizema ulotropis,NA,200,NA,P4,NA
Chthonocephalus multiceps,NA,200,NA,P2,NA
Cladia ferdinandii,NA,146,NA,NA,NA
Coleanthera coelophylla,NA,200,NA,P1,NA
Comesperma calcicola,NA,200,NA,P3,NA
Comesperma lanceolatum,NA,200,NA,P2,NA
Commersonia sp. Mt Groper (R. Cranfield & D. Kabay 9157),OSS,200,NA,R,NA
Conospermum coerulescens ssp. coerulescens,NA,200,NA,P1,NA
Conospermum distichium,RS/OSS,165,medium,NA,NA
Conospermum distichium,RS/OSS,183,NA,NA,NA
Conospermum dorrienii,OSS,159,NA,NA,NA
Conospermum leianthum ssp orientale,NA,188,NA,NA,NA
Conospermum leianthumssp leianthum,NA,188,NA,NA,NA
Conospermum quadripetalum,OSS?,200,NA,P2,NA
Conospermum sigmoideum,NA,200,NA,P2,NA
Conospermum spectabile,OSS,200,NA,P2,>36
Conospermum teretifolium,RS,151,NA,NA,NA
Conostephium marchantiorum,NA,200,NA,P3,NA
Conostephium uncinatum,NA,201,NA,P1,NA
Conostylis lepidospermoides,NA,201,NA,R,NA
Conostylis misera,RS,201,NA,R,NA
Conostylis seorsiflora ssp. Nyabing(A.Coates s.n.),NA,201,NA,P2,NA
Conothamnus aureus,RS,186,NA,NA,NA
Coopernookia georgei,OSS,201,NA,R,NA
Corybas limpidus,GEO,201,NA,P4,NA
Corymbia calophylla,RS,147,NA,NA,NA
Corymbia calophylla,RS ep,152,NA,NA,NA
Corymbia calophylla,RS/ ep,149,NA,NA,NA
Cosmelia rubra,RS,152,NA,NA,NA
Cratystylis conocephala,OSS?,192,NA,NA,NA
Cryptandra arbutiflora var.. pygmaea,NA,201,NA,P1,NA
Cryptandra congesta,NA,143,NA,NA,NA
Cryptandra congesta,RS/OSS,201,NA,R,17
Cryptandra craigiae,?OSS,201,NA,P1,36±
Cryptandra exserta,NA,201,NA,P1,NA
Cryptandra inconspicua,NA,201,NA,P2,NA
Cryptandra polyclada ssp. polyclada,NA,201,NA,P3,NA
Cyanicula deformis,NA,146,NA,NA,NA
Cyathochaeta stipoides,NA,201,NA,P3,NA
Cyathochaeta teretifolia,NA,201,NA,P3,NA
Cyathostemon sp. Dowak (J.M. Fox 86/271),NA,201,NA,P1,NA
Cyathostemon sp. Lake King (M.E. & M.E. Trudgen 1462),NA,201,NA,P2,NA
Cyathostemon sp. Salmon Gums (B. Archer 769),NA,201,NA,P3,NA
Cymbonotus preissianus,NA,201,NA,P3,NA
Dampiera decurrens,NA,201,NA,P2,NA
Dampiera deltoidea,OSS,201,NA,P4,< 48
Dampiera fitzgeraldensis,NA,201,NA,P2,NA
Dampiera orchardii,NA,201,NA,P2,NA
Dampiera sericantha,OSS,201,NA,P3,NA
Darwinia calothamnoides,NA,201,NA,R,NA
Darwinia carnea,NA,201,NA,R,NA
Darwinia citriodora,OSS,140,rapid,NA,NA
Darwinia collina,OSS,155,slow,R,72 to 84
Darwinia hypericifolia,OSS,201,NA,P4,48+
Darwinia leiostyla,OSS,201,NA,P4,36
Darwinia luehmannii,NA,201,NA,P2,NA
Darwinia macrostegia,OSS,201,NA,P4,≥36
Darwinia meeboldii,OSS,159,medium,R,48 +
Darwinia oxylepis,OSS,159,medium,R,48 to 60
Darwinia polycephala,NA,201,NA,P4,NA
Darwinia sp. Gibson (R.D. Royce 3569),NA,201,NA,P1,NA
Darwinia sp. Mt Baring (K.R. Newbey 9775),NA,201,NA,P1,NA
Darwinia sp. Mt Burdett (N.G. Marchant 80/42),NA,201,NA,P4,NA
Darwinia sp. Mt Ney (M.A. Burgman & S. McNee 1274),NA,201,NA,P1,NA
Darwinia sp. Mt Ragged,OSS,157,NA,NA,NA
Darwinia sp. Mt Ragged (S. Barrett 663),OSS,201,NA,P2,36 to 48
Darwinia sp. Peak Charles (A.S. George 10627),NA,201,NA,P2,NA
Darwinia sp. Stirling Range (G.J. Keighery 5732),OSS,201,NA,R,60 to 72
Darwinia sp.Thumb Peak(K.R.Newbey 4847),OSS?,201,NA,P2,NA
Darwinia squarrosa,OSS,201,NA,R,48 to 60
Darwinia wittwerorum,OSS,201,NA,R,60
Davieisa argillaceae,NA,177,NA,NA,NA
Davieisa lancifolia,RS,179,NA,NA,NA
Davieisa nematophylla,NA,174,NA,NA,NA
Davieisa teretifolia,RS/OSS,183,NA,NA,NA
Daviesia abnormis,RS,179,NA,NA,NA
Daviesia audax,OSS,179,NA,NA,NA
Daviesia campephylla,NA,201,NA,P2,NA
Daviesia crenulata,OSS,159,NA,NA,NA
Daviesia emarginata,OSS,179,NA,NA,NA
Daviesia emarginata,RS/OSS,160,NA,NA,NA
Daviesia glossosema,OSS,201,NA,R,48
Daviesia grossa,NA,157,NA,NA,NA
Daviesia horrida,RS,140,NA,NA,NA
Daviesia incrassata,OSS,179,NA,NA,NA
Daviesia incrassata spp. reversifolia,RS/OSS,165,NA,NA,NA
Daviesia megacalyx,OSS,201,NA,R,48
Daviesia mesophylla,OSS,201,NA,P2,≥24
Daviesia newbeyi,NA,201,NA,P2,NA
Daviesia obovata,RS/ OSS,202,NA,R,NA
Daviesia ovata,RS/ OSS,202,NA,R,NA
Daviesia pachyphylla,RS/OSS,160,NA,NA,NA
Daviesia pauciflora,NA,202,NA,P2,NA
Daviesia pseudaphylla,OSS,202,NA,R,36
Daviesia sarrissa,OSS,179,NA,NA,NA
Daviesia spinossisima,NA,151,NA,NA,NA
Daviesia spp,NA,189,NA,NA,NA
Daviesia teretifolia,RS/OSS,158,NA,NA,NA
Degelia flabellata,Lichen,202,NA,P2,NA
Desmocladus biformis,NA,202,NA,P3,NA
Desmocladus flexuosa,NA,162,NA,NA,NA
Deyeuxia drummondii,OSS,202,NA,R,12 to 24
Deyeuxia inaequalis,NA,202,NA,P1,NA
Dichelachne crinita,NA,154,NA,NA,NA
Dicrastylis archeri,NA,202,NA,P1,NA
Dicrastylis capitellata,NA,202,NA,P1,NA
Dicrastylis corymbosa,NA,202,NA,P3,NA
Dicrastylis obovata,NA,202,NA,P2,NA
Dillwynia acerosa,NA,202,NA,P1,NA
Dillwynia pungens,OSS,142,NA,NA,NA
Diuris affin pulchella,NA,146,NA,NA,NA
Diuris drummondii,GEO,202,NA,R,NA
Diuris heberlei,GEO,202,NA,P2,NA
Dodanaea ceratocarpa,RS,140,NA,NA,NA
Dodanaea spp,NA,189,NA,NA,NA
Dodanaea stenozyga,NA,177,NA,NA,NA
Dodanaea viscosa,OSS,142,NA,NA,NA
Dodonaea caespitosa,NA,145,NA,NA,NA
Dodonaea ceratocarpa,RS,145,NA,NA,NA
Dodonaea hexandra,NA,202,NA,P1,NA
Dodonaea pinifolia,RS,176,NA,NA,NA
Drakaea micrantha,GEO,202,NA,R,NA
Drepanocladus aduncus,Moss,202,NA,P2,NA
Drosera binata,OSS?,202,NA,P2,12 to 24
Drosera fimbriata,OSS,202,NA,P4,12
Drosera gibsonii,GEO?,202,NA,P2,NA
Drosera salina,GEO?,202,NA,P2,NA
Drummondita hassellii,OSS,176,NA,NA,NA
Drummondita longifolia,OSS,202,NA,R,36 +
E salmonophloia,OSC,191,NA,NA,NA
E. dolichoryncha,OSC,191,NA,NA,NA
E. dundasii,OSC,191,NA,NA,NA
E. forrestiana,OSC,191,NA,NA,NA
E. goniantha subsp. goniantha,RS,150,NA,NA,NA
E. kumarlensis,OSC,191,NA,NA,NA
E. longicornis,RS ep,174,NA,NA,NA
E. loxophleba,RS,174,NA,NA,NA
E. loxophleba x spathulata,NA,174,NA,NA,NA
E. occidentalis,RS ep/OSC,174,NA,NA,NA
E. occidentalis,RSep/OSC,191,NA,NA,NA
E. occidentalis x platypus,OSC,175,slow,NA,NA
E. oleosa,RS,175,NA,NA,NA
E. platypus ssp platypus,OSC,175,slow,NA,NA
E. salmonophloia,OSC,191,NA,NA,NA
E. salmonophloia,RS ep/ OSC,175,slow,NA,NA
E. salmonophloia,RS ep/OSC,175,slow,NA,NA
E. sp mallet,OSC,175,slow,NA,NA
E. sp. aff uncinata,RS,175,NA,NA,NA
E. spathulata,OSC,175,slow,NA,NA
E. spreta,OSC,191,NA,NA,NA
E. urna,OSC,175,slow,NA,NA
E. urna,OSC,191,NA,NA,NA
E. valens,OSC,191,NA,NA,NA
E. wandoo,RS ep/OSC,175,NA,NA,NA
Empodisma gracillimum,RS,153,NA,NA,NA
Eremophila biserrata,OSS,202,NA,P4,NA
Eremophila chamaephila,OSS,202,NA,P2,NA
Eremophila ciliata,OSS,202,NA,R,NA
Eremophila compressa,OSS,202,NA,P3,NA
Eremophila denticulata ssp. denticulata,OSS,202,NA,R,NA
Eremophila denticulata ssp. trisulcata,OSS,202,NA,R,24 to 36
Eremophila glabra ssp. Scaddan (C. Turley s.n. 10/11/2005),RS/OSS,202,NA,P1,NA
Eremophila lactea,OSS,202,NA,R,24 to 36
Eremophila oblonga,RS/OSS,202,NA,P1,NA
Eremophila racemosa,OSS,202,NA,P4,NA
Eremophila serpens,OSS,202,NA,P4,NA
Eremophila spp,NA,174,NA,NA,NA
Eremophila subteretifolia,OSS,202,NA,R,NA
Eremophila succinea,OSS,202,NA,P3,NA
Eremophila veneta,RS/OSS,202,NA,P4,NA
Eriochilus scaber,NA,146,NA,NA,NA
Eriochilus scaber ssp orbifolia,GEO,202,NA,P1,12
Eryngium ferox,NA,202,NA,P3,NA
Eucalyptus acies,RS,156,NA,P4,NA
Eucalyptus acies x preissiana,RS,156,NA,NA,NA
Eucalyptus aff cornuta,RS,193,NA,NA,NA
Eucalyptus alipes,OSC,174,slow,NA,NA
Eucalyptus anceps,RS,164,NA,NA,NA
Eucalyptus angulosa,RS,193,NA,NA,NA
Eucalyptus angustissima,RS,174,NA,NA,NA
Eucalyptus annulata,RS,163,NA,NA,NA
Eucalyptus aquilina,RS,202,NA,P4,NA
Eucalyptus arborella,OSC,164,slow,P3,NA
Eucalyptus astringens,OSC,148,NA,NA,NA
Eucalyptus astringens ssp. redacta,OSC,164,slow,NA,NA
Eucalyptus astringens subsp. 'kundip',OSC,160,slow,NA,NA
Eucalyptus balanopelex,RS,202,NA,P1,NA
Eucalyptus brandiana,OSC,164,slow,NA,NA
Eucalyptus brandiana ms,OSC,202,NA,P?,NA
Eucalyptus brevistylis,RS ep /OSC,149,NA,NA,NA
Eucalyptus brevistylis,RS/OSC,202,NA,P4,NA
Eucalyptus brockwayi,OSC,202,NA,P3,NA
Eucalyptus bupestrium,RS ep,167,NA,NA,NA
Eucalyptus buprestium,RS ep,158,NA,NA,NA
Eucalyptus buprestium x erectifolia,RS,202,NA,P4,NA
Eucalyptus buprestium x ligulata,RS,202,NA,P4,NA
Eucalyptus buprestium x marginata,RS,203,NA,P4,NA
Eucalyptus buprestium x staeri,RS,203,NA,P4,NA
Eucalyptus burdettiana,RS,156,NA,R,NA
Eucalyptus calcicola ssp. calcicola,RS,203,NA,P4,NA
Eucalyptus calcicola ssp. unita,RS,203,NA,P4,NA
Eucalyptus calyerup,OSC,175,slow,P1,NA
Eucalyptus captiosa,RS,185,NA,NA,NA
Eucalyptus cerasiformis,RS,176,NA,NA,NA
Eucalyptus cernua,OSC,160,slow,NA,NA
Eucalyptus clivicola,OSC,160,slow,NA,NA
Eucalyptus conferruminata,OSC,140,NA,NA,NA
Eucalyptus conferruminata,OSC,141,slow,NA,NA
Eucalyptus cooperiana,RS,191,NA,NA,NA
Eucalyptus cornuta,RS ep,140,NA,NA,NA
Eucalyptus cornuta,RSE,141,NA,NA,NA
Eucalyptus coronata,RS,156,NA,R,NA
Eucalyptus creta,OSC,203,NA,P3,NA
Eucalyptus cuspidata,NA,161,NA,NA,NA
Eucalyptus cuspidata,RS,141,NA,NA,NA
Eucalyptus decipiens,RS,147,NA,NA,NA
Eucalyptus decipiens,RS ep,147,NA,NA,NA
Eucalyptus decipiens subsp adesmo.,RS,141,NA,NA,NA
Eucalyptus decipiens subsp. adesmo.,RS,141,NA,NA,NA
Eucalyptus decipiens x falcata,RS,147,NA,NA,NA
Eucalyptus decurva,RS,156,NA,NA,NA
Eucalyptus decurva,RS ep,167,NA,NA,NA
Eucalyptus deflexa,RS,203,NA,P4,NA
Eucalyptus densa,OSC,175,slow,NA,NA
Eucalyptus desmondensis,RS,203,NA,P4,NA
Eucalyptus dielsii,OSC,169,slow,NA,NA
Eucalyptus dielsii x platypus,OSC,203,NA,P1,NA
Eucalyptus diptera,OSC,176,slow,NA,NA
Eucalyptus dissimulata,RS,180,NA,NA,NA
Eucalyptus diversicolor,RS ep/ OSC,149,slow,NA,NA
Eucalyptus dolichorhyncha,OSC,203,NA,P4,NA
Eucalyptus dolichoryncha,OSC,175,slow,NA,NA
Eucalyptus doratoxylon,RS,155,NA,NA,NA
Eucalyptus doratoxylon,RS ep,141,NA,NA,NA
Eucalyptus dundasii,OSC,176,slow,NA,NA
Eucalyptus erectifolia,RS,203,NA,P4,NA
Eucalyptus erectifolia,RS ep,158,NA,NA,NA
Eucalyptus eremophila,RS,176,slow,NA,NA
Eucalyptus eremophila,RS,180,NA,NA,NA
Eucalyptus extensa,OSC,169,slow,NA,NA
Eucalyptus extrica,RS,185,NA,NA,NA
Eucalyptus falcata,RS,147,NA,NA,NA
Eucalyptus famelica,RS,203,NA,P3,NA
Eucalyptus ficifolia,RS ep,152,NA,NA,NA
Eucalyptus foliosa,NA,203,NA,P3,NA
Eucalyptus forrestiana,OSC,175,slow,NA,NA
Eucalyptus fraseri ssp. melanobasis,OSC,203,NA,P2,NA
Eucalyptus garderni,OSC,148,NA,NA,NA
Eucalyptus gardneri ssp. Ravensthorpensis,OSC,169,slow,NA,NA
Eucalyptus georgei ssp. fulgida,OSC,203,NA,P4,NA
Eucalyptus georgei ssp. georgei,OSC,176,slow,P4,NA
Eucalyptus gonaiantha,RS,168,NA,NA,NA
Eucalyptus goniantha notac,RS,185,NA,NA,NA
Eucalyptus goniantha ssp. goniantha,RS,203,NA,P4,NA
Eucalyptus goniocarpa,OSC,191,NA,NA,NA
Eucalyptus guilfoylei,RS ep/ OSC,149,slow,NA,NA
Eucalyptus histophylla,RS,203,NA,P3,NA
Eucalyptus incerata,RS,176,NA,NA,NA
Eucalyptus indurata,RS,172,NA,NA,NA
Eucalyptus insularis,RS,185,NA,R,NA
Eucalyptus jacksonii,RS ep / OSC,149,slow,NA,NA
Eucalyptus kessellii,RS,180,NA,NA,NA
Eucalyptus kumarlensis,OSC,174,slow,NA,NA
Eucalyptus latens,RS,203,NA,P4,NA
Eucalyptus lehamanii,RS,168,NA,NA,NA
Eucalyptus lehmanii ssp. parallela,RS,169,NA,NA,NA
Eucalyptus lehmannii,RS,145,NA,NA,NA
Eucalyptus lehmannii subsp. parallela,RS,156,NA,NA,NA
Eucalyptus leptocalyx,RS,191,NA,NA,NA
Eucalyptus ligulata ssp ligulata,RS,185,NA,NA,NA
Eucalyptus ligulata ssp. ligulata,RS,203,NA,P4,NA
Eucalyptus ligulata ssp. stirlingica,RS,203,NA,P4,NA
Eucalyptus litorea,RS,185,NA,P2,NA
Eucalyptus livida,RS,176,NA,NA,NA
Eucalyptus longicornis,RS ep,176,NA,NA,NA
Eucalyptus longicornis,RSep,174,NA,NA,NA
Eucalyptus marginata,RS,155,NA,NA,NA
Eucalyptus marginata,RS ep,150,NA,NA,NA
Eucalyptus marginata,RSep,147,NA,NA,NA
Eucalyptus marginata x pachyloma,RS,203,NA,P4,NA
Eucalyptus mcquoidii,OSC,160,slow,P2,NA
Eucalyptus megacarpa,RS ep / OSC,143,NA,NA,NA
Eucalyptus megacarpa,RS ep /OSC,140,NA,NA,NA
Eucalyptus megacornuta,OSC,161,slow,NA,NA
Eucalyptus melanophitra,OSC,163,slow,P4,NA
Eucalyptus melanoxylon,RS ep,176,NA,NA,NA
Eucalyptus melanoxylon,RSep,174,NA,NA,NA
Eucalyptus merrickiae,RS,203,NA,R,NA
Eucalyptus micranthera,RS,185,NA,NA,NA
Eucalyptus microschema,RS,203,NA,P3,NA
Eucalyptus misella,NA,203,NA,P1,NA
Eucalyptus newbeyi,OSC,203,NA,P3,NA
Eucalyptus newbyii,OSC,163,slow,NA,NA
Eucalyptus notactites,RS,141,NA,NA,NA
Eucalyptus nutans,OSC,164,slow,R,NA
Eucalyptus occidentalis,RS ep / OSC,150,NA,NA,NA
Eucalyptus occidentalis,RS ep /OSC,184,NA,NA,NA
Eucalyptus occidentalis,RS/OSC,191,NA,NA,NA
Eucalyptus occidentalis,RSep/OSC,161,NA,NA,NA
Eucalyptus occidentalis x utilis,OSC,161,NA,NA,NA
Eucalyptus ocidentalis,RS ep/OSC,164,NA,NA,NA
Eucalyptus oleosa,RS ep,176,NA,NA,NA
Eucalyptus orthostemon,RS,147,NA,NA,NA
Eucalyptus pachyloma,RS ep,158,NA,NA,NA
Eucalyptus patens,RS ep,150,NA,NA,NA
Eucalyptus phenax,RS ep,169,NA,NA,NA
Eucalyptus pileata,RS,160,NA,NA,NA
Eucalyptus platypus,OSC,160,slow,NA,NA
Eucalyptus platypus ssp platypus,OSC,163,slow,NA,NA
Eucalyptus platypus ssp. congregata,OSC,169,slow,NA,NA
Eucalyptus platypus ssp. platypus,OSC,169,slow,NA,NA
Eucalyptus platypus subsp congregata,OSC,174,slow,NA,NA
Eucalyptus platypus subsp. congregata,OSC,175,slow,NA,NA
Eucalyptus pleurocarpa,RS,170,NA,NA,NA
Eucalyptus pleurocarpa,RS ep,165,NA,NA,NA
Eucalyptus praeterissima,OSC,164,slow,NA,NA
Eucalyptus praetermissa,OSC,163,slow,P4,NA
Eucalyptus preissiana,RS,156,NA,NA,NA
Eucalyptus preissiana,RS ep,158,NA,NA,NA
Eucalyptus preissiana ssp. lobata,RS,203,NA,P4,NA
Eucalyptus preissiana x staeri,RS,203,NA,P4,NA
Eucalyptus proxima,RS,203,NA,P4,NA
Eucalyptus purpurata,OSC,169,slow,R,NA
Eucalyptus quaerenda,RS,203,NA,P3,NA
Eucalyptus ravida,OSC,174,slow,NA,NA
Eucalyptus redunca,RS,156,NA,NA,NA
Eucalyptus retusa,RS,141,NA,P?,NA
Eucalyptus retusa x cornuta,RS,141,NA,NA,NA
Eucalyptus retusa x cuspidata,RS,141,NA,NA,NA
Eucalyptus rhomboidea,OSC,176,slow,P4,NA
Eucalyptus rudis,RS ep,150,NA,NA,NA
Eucalyptus rugulata,OSC,203,NA,P4,NA
Eucalyptus salicola,OSC,174,slow,NA,NA
Eucalyptus salmonophloia,"RS ep, OSC",169,slow,NA,NA
Eucalyptus salmonophloia,Rsep/OSC,176,slow,NA,NA
Eucalyptus salubris,OSC,169,slow,NA,NA
Eucalyptus semiglobosa,RS,203,NA,P3,NA
Eucalyptus sepulcralis,RS,156,NA,NA,NA
Eucalyptus sinuosa,RS,203,NA,P2,NA
Eucalyptus sp. Esperance (M.E. French 1579),NA,203,NA,P1,NA
Eucalyptus sp. Fitzgerald River (M.I.H. Brooker 10923),NA,203,NA,P2,NA
Eucalyptus sp. dendrosheath,OSC,174,slow,NA,NA
Eucalyptus spathulata,OSC,175,slow,NA,NA
Eucalyptus spp,NA,171,NA,NA,NA
Eucalyptus spp,RS,182,NA,NA,NA
Eucalyptus staeri,RS ep,150,NA,NA,NA
Eucalyptus steedmanii,OSC,203,NA,R,NA
Eucalyptus stoatei,OSC,175,slow,P4,NA
Eucalyptus surgens,RS,188,NA,NA,NA
Eucalyptus sweedmaniana ms,RS,204,NA,P1,NA
Eucalyptus talyuberlup,OSC?,155,NA,NA,NA
Eucalyptus tenuis,OSC,176,slow,NA,NA
Eucalyptus tetragona,RS,185,NA,NA,NA
Eucalyptus tetraptera,RS,145,NA,NA,NA
Eucalyptus transcontinentalis,RS ep,176,NA,NA,NA
Eucalyptus transcontinentalis,RSep,174,NA,NA,NA
Eucalyptus uncinata,RS,191,NA,NA,NA
Eucalyptus uncinatus,RS ep,167,NA,NA,NA
Eucalyptus urna,OSC,174,slow,NA,NA
Eucalyptus utilis,OSC,141,slow,NA,NA
Eucalyptus varia ssp. salsuginosa,RS,204,NA,P4,NA
Eucalyptus vesiculosa,OSC,163,slow,P2,NA
Eucalyptus virginea,RS/OSC,204,NA,P4,NA
Eucalyptus virgineae,RS,143,NA,NA,NA
Eucalyptus wandoo,RS ep / OSC,163,NA,NA,NA
Eucalyptus wandoo,RS/ep/OSC,147,NA,NA,NA
Eucalyptus x bennettiae,RS,204,NA,P4,NA
Eucalyptus x chrysantha,RS,204,NA,P2,NA
Eucalyptus x erythrandra,RS,204,NA,P4,NA
Eucalyptus x kalganensis,RS,204,NA,P4,NA
Eucalyptus x missilis,RS,204,NA,P4,NA
Eucalyptus x stoataptera,RS/OSC,204,NA,P2,NA
Eucalypyus protensa,OSC,176,slow,NA,NA
Eucalytpus decurva,RS,167,NA,NA,NA
Eucalytpus kalganensis,RS ep,158,NA,NA,NA
Eucalytpus kessellii,RS,171,NA,NA,NA
Eucalytpus leptocalyx,RS,180,NA,NA,NA
Eucalytpus ligulata ssp. stirlingica,RS ep,158,NA,NA,NA
Eucalytpus occidentalis,RS ep / OSC,147,NA,NA,NA
Eucalytpus oleosa,RSep,191,NA,NA,NA
Eucalytpus redacta,OSC,163,slow,NA,NA
Eucalytpus rudis,RS ep,147,NA,NA,NA
Eucalytpus staeri,RS,167,NA,NA,NA
Eucalytpus staeri,RS ep,167,NA,NA,NA
Eucalytus ligulata ssp. stirlingica,RS,155,NA,NA,NA
Euphrasia scabra,OSS,204,NA,P2,?
Euryomyrtus leptospermoides,NA,204,NA,P3,NA
Eutaxia acanthoclada,NA,204,NA,P3,NA
Eutaxia actinophylla,NA,204,NA,P1,NA
Eutaxia andocada,NA,204,NA,P1,NA
Eutaxia myrtifolia,OSS,140,rapid,NA,NA
Eutaxia nanophylla,NA,204,NA,P3,NA
Evandra aristata,RS / OSS,154,NA,NA,NA
Exocarpos sparteus,NA,145,NA,NA,NA
Exocarpus aphylla,OSS,171,NA,NA,NA
Exocarpus aphyllus,OSS,169,NA,NA,NA
Exocarpus odoratus,OSS,154,rapid,NA,NA
Exocarpus sparteus,OSS,176,NA,NA,NA
Eycalyptus sweedmaniana,RS,141,NA,NA,NA
Fabronia hampeana,NA,204,NA,P2,NA
Frankenia brachyphylla,NA,204,NA,P2,NA
Frankenia drummondii,NA,204,NA,P3,NA
Frankenia spp,NA,174,NA,NA,NA
Franklandia fucifolia,RS,151,NA,NA,NA
Gahnia decomposita,RS,153,NA,NA,NA
Gahnia sclerioides,RS,204,NA,P3,NA
Gahnia sp. L,RS?,187,NA,NA,NA
Gahnia trida,RS,150,NA,NA,NA
Gahnia trifida,RS,163,NA,NA,NA
Galium migrans,OSS,204,NA,P3,NA
Garawanta E35),NA,198,NA,P1,NA
Gastrolobium acrocaroli,NA,176,NA,NA,NA
Gastrolobium acrocaroli,?OSS,204,NA,P2,NA
Gastrolobium aff bilobum Corackerup,NA,204,NA,OSS,NA
Gastrolobium bilobum,OSS,140,rapid,NA,NA
Gastrolobium bilobum,OSS,145,NA,NA,NA
Gastrolobium brownii,NA,140,NA,NA,NA
Gastrolobium brownii,OSS,143,rapid,NA,NA
Gastrolobium coriaceum,OSS,140,NA,NA,NA
Gastrolobium crassifolium,RS,179,NA,NA,NA
Gastrolobium crenulatum,OSS,204,NA,P2,NA
Gastrolobium cruciatum,NA,204,NA,P3,NA
Gastrolobium elegans,OSS,204,NA,P2,NA
Gastrolobium ferrugineum,OSS,204,NA,P2,NA
Gastrolobium formosum,NA,204,NA,P3,NA
Gastrolobium humile,NA,204,NA,P1,NA
Gastrolobium involutum,NA,145,NA,P1,NA
Gastrolobium latifolium,OSS,179,NA,NA,NA
Gastrolobium leakeanum,OSS,204,NA,P2,48±
Gastrolobium lehmannii,NA,204,NA,R,NA
Gastrolobium luteifolium,OSS,204,NA,R,72
Gastrolobium mondurup,OSS,204,NA,P2,48-60
Gastrolobium muscaeum,NA,189,NA,NA,NA
Gastrolobium ovalifolium,NA,204,NA,P4,NA
Gastrolobium parviflorum,NA,145,NA,NA,NA
Gastrolobium parviflorum,OSS,147,medium,NA,NA
Gastrolobium parviflorum,OSS,169,NA,NA,NA
Gastrolobium pycnostachyum,NA,204,NA,P2,NA
Gastrolobium racemosum,OSS,160,NA,NA,NA
Gastrolobium sericeum,NA,150,NA,NA,NA
Gastrolobium sp. East Peak (E.D. Middleton EDM 43),OSS,204,NA,P2,36
Gastrolobium sp. crenulatum capitate (E. & S. Pignatti 1588),OSS,204,NA,P2,48-60
Gastrolobium spinosum,OSS,147,rapid,NA,NA
Gastrolobium spinosum,OSS,181,NA,NA,NA
Gastrolobium stenophyllum,OSS,204,NA,P3,NA
Gastrolobium subcordatum,NA,204,NA,P4,NA
Gastrolobium subcordatum,OSS,144,NA,NA,NA
Gastrolobium tergiversum,NA,204,NA,P2,NA
Gastrolobium vestitum,OSS,204,NA,P2,48-60
Gnephosis intonsa,NA,204,NA,P1,NA
Gompholobium confertum,OSS,179,NA,NA,NA
Gompholobium knightianum,OSS,179,NA,NA,NA
Gompholobium marginatum,OSS,179,NA,NA,NA
Gompholobium scabrum,OSS,151,NA,NA,NA
Gonocarpus benthamii ssp. Stirling (C.J. Robinson 1080),OSS,204,NA,P2,36
Gonocarpus hispidus,OSS,157,NA,P2,<36
Gonocarpus pusillus,RS/OSS,204,NA,P3,12 to 24
Gonocarpus pycnostachyus,OSS,204,NA,P3,NA
Gonocarpus rudis,OSS,205,NA,P2,<48
Gonocarpus simplex,RS?,205,NA,P3,12
Gonocarpus trichostachyus,OSS,205,NA,P3,12
Goodenia filiformis,OSS?,205,NA,P3,NA
Goodenia laevis ssp. laevis,NA,205,NA,P3,NA
Goodenia phillipsiae,OSS,205,NA,P4,NA
Goodenia quadrilocularis,NA,205,NA,P2,NA
Goodenia scapigera,OSS,142,NA,NA,NA
Goodenia scapigera ssp. graniticola,NA,205,NA,P2,NA
Goodenia sp. South Coast (A.R. Annels ARA1846),OSS?,205,NA,P3,24 to 36
Goodenia stenophylla,OSS,205,NA,P4,≤36
Goodenia trichophylla,NA,205,NA,P3,NA
Goodenia turleyae,NA,205,NA,P1,NA
Grammosolen sp. Mt Ridley (W.R. Archer 1210911),NA,205,NA,P1,NA
Granitites intangendus,NA,145,NA,NA,NA
Gratiola pedunculata,NA,205,NA,P2,NA
Grevilea rufa,NA,181,NA,NA,NA
Grevillea acropogon,NA,205,NA,R,NA
Grevillea acuaria,OSS,177,NA,NA,NA
Grevillea aff nudiflora,OSS,157,NA,NA,NA
Grevillea anethifolia,NA,145,NA,NA,NA
Grevillea aneura,NA,205,NA,P4,NA
Grevillea baxteri,NA,189,NA,P4,NA
Grevillea cagiana,OSS,179,NA,NA,NA
Grevillea coccinea,OSS,157,NA,NA,NA
Grevillea coccinea ssp. lanata,NA,205,NA,P3,NA
Grevillea coccinea ssp. lanata,OSS,157,NA,NA,NA
Grevillea concinna,?OSS,189,NA,NA,NA
Grevillea concinna,OSS,181,NA,NA,NA
Grevillea concinna ssp. concinna,OSS,142,NA,NA,NA
Grevillea concinna ssp. lemanniana,OSS,158,NA,NA,NA
Grevillea concinna subsp.. lehamanniana,NA,145,NA,NA,NA
Grevillea didymobotyra,NA,181,NA,NA,NA
Grevillea dolichopoda,OSS,179,medium,NA,NA
Grevillea excelsior,OSS,181,NA,NA,NA
Grevillea fasiculata,OSS,151,NA,NA,NA
Grevillea fasiculata,OSS,166,medium,NA,NA
Grevillea fastigiata,OSS,173,NA,P3,NA
Grevillea fistulosa,OSS,157,NA,P4,NA
Grevillea fulgens,OSS,205,NA,P3,NA
Grevillea fuscolutea,OSS,143,NA,R,72 to 84
Grevillea hookeriana,OSS,181,NA,NA,NA
Grevillea huegelii,OSS,182,NA,NA,NA
Grevillea huegellii,OSS?,171,NA,NA,NA
Grevillea huegellii,RS/ OSS,181,NA,NA,NA
Grevillea huegellii,RS/OSS,169,NA,NA,NA
Grevillea incrassata,NA,181,NA,NA,NA
Grevillea infundibularis,OSS,157,medium,R,48
Grevillea infundibularis x aff nudiflora,OSS,157,NA,NA,NA
Grevillea insignis ssp. elliotii,NA,205,NA,P3,NA
Grevillea integrifolia,NA,181,NA,NA,NA
Grevillea maxwellii,OSS,205,NA,R,60 to 72
Grevillea newbeyi,NA,205,NA,P3,NA
Grevillea oligantha,OSS,142,NA,NA,NA
Grevillea oligantha,OSS,179,slow,NA,NA
Grevillea oligantha,OSS/RS,158,NA,NA,NA
Grevillea oligantha,RS/OSS,171,NA,NA,NA
Grevillea oncogyne,OSS,177,NA,NA,NA
Grevillea patentiloba,OSS,179,medium,NA,NA
Grevillea patentiloba ssp. platypoda,OSS,169,NA,NA,NA
Grevillea pauciflora,OSS,186,NA,NA,NA
Grevillea pauciflora ssp. axatilis,OSS,158,NA,NA,NA
Grevillea pectinata,RS/OSS,171,NA,NA,NA
Grevillea plurijuga,OSS,189,NA,NA,NA
Grevillea plurijuga ssp. plurijuga,OSS/RS,158,NA,NA,NA
Grevillea plurijuga subsp.. superba,NA,145,NA,NA,NA
Grevillea prostrata,NA,205,NA,P4,NA
Grevillea pulchella,OSS,159,NA,NA,NA
Grevillea ripicola,NA,205,NA,P4,NA
Grevillea sp. 'nivea',OSS,141,NA,NA,NA
Grevillea sp. Stirling Range (D.J. McGillivray 3488 & A.S. George),0SS,205,NA,P2,NA
Grevillea spp,NA,175,NA,NA,NA
Grevillea sulcata,NA,205,NA,P1,NA
Grevillea teretifolia,NA,181,NA,NA,NA
Grevillea trifida,OSS,151,NA,NA,NA
Grevillea tripartita ssp. macrostylis,OSS,189,NA,NA,NA
Grevilliea plurijuga,RS/OSS,192,NA,NA,NA
Guichenotia anota,0SS,205,NA,P1,36±
Guichenotia apetala,0SS,205,NA,P1,36±
Guichenotia asteriskos,NA,205,NA,P2,NA
Gyrostemon ditrigynus,NA,205,NA,P4,NA
Gyrostemon prostratus,OSS,205,NA,P3,<19
Gyrostemon sessilis,OSS,205,NA,P3,12
Gyrostemon sp. Ravensthorpe (G. Cockerton & N. Evelegh 9467),OSS,205,NA,P1,NA
Gyrostemon thesioides,OSS,205,NA,P2,NA
Haegiela tatei,OSS,205,NA,P2,NA
Hakea acuminata,OSC,205,NA,P2,NA
Hakea adnata,OSC?,189,NA,NA,NA
Hakea ambigua,OSC,156,medium,NA,NA
Hakea amplexicaulis,RS,151,NA,NA,NA
Hakea baxteri,OSC,159,NA,NA,NA
Hakea bicornata,NA,145,NA,NA,NA
Hakea brachyptera,NA,205,NA,P3,NA
Hakea ceratophylla,RS,151,NA,NA,NA
Hakea cinerea,NA,192,NA,NA,NA
Hakea cinerea,OSC,179,NA,NA,NA
Hakea clavata,OSC,142,NA,NA,NA
Hakea commutata,NA,145,NA,NA,NA
Hakea commutata,OSC,169,NA,NA,NA
Hakea corymbosa,OSC,159,slow,NA,NA
Hakea crassifolia spp pandanicarpa,OSC,181,slow,NA,NA
Hakea crassifolia ssp. pandanicarpa,OSC,159,slow,NA,NA
Hakea cucullata,OSC,148,medium to slow,NA,NA
Hakea cygna ssp. cygna,OSC,170,NA,NA,NA
Hakea cygna subsp.. cygna,OSC,179,NA,NA,NA
Hakea denticulata,OSC,163,NA,NA,NA
Hakea denticulata,OSC?,159,NA,NA,NA
Hakea drupacea,OSC,193,slow,NA,NA
Hakea drupaceae,OSC,140,NA,NA,NA
Hakea elliptica,OSC,140,slow,NA,NA
Hakea erecta,NA,158,NA,NA,NA
Hakea falcata,OSC,181,medium to slow,NA,NA
Hakea ferruginea,OSC,151,medium to slow,NA,NA
Hakea ferruginea,OSC,166,slow,NA,NA
Hakea florida,RS,155,NA,NA,NA
Hakea francisiana,?OSC,192,slow,NA,NA
Hakea hookeriana,OSC,157,NA,P4,NA
Hakea horrida,OSC,179,NA,NA,NA
Hakea incrassata,RS,179,NA,NA,NA
Hakea lasiantha,OSC,151,slow,NA,NA
Hakea lasianthoides,OSC,149,medium,NA,NA
Hakea lasiocarpha,OSC,168,NA,P3,NA
Hakea laurina,OSC,145,NA,NA,NA
Hakea laurina,OSC,158,medium,NA,NA
Hakea laurina,OSC,164,slow,NA,NA
Hakea lehmanii,RS,166,NA,NA,NA
Hakea lehmanniana,RS?,159,NA,NA,NA
Hakea linearis,RS,153,NA,NA,NA
Hakea lissocarpha,RS,147,NA,NA,NA
Hakea marginata,RS,166,NA,NA,NA
Hakea multilineata,OSC,170,medium to slow,NA,NA
Hakea nitida,RS,163,NA,NA,NA
Hakea obliqua,OSC,179,NA,NA,NA
Hakea obliqua,OSC,189,medium,NA,NA
Hakea obtusa,OSC,169,NA,NA,NA
Hakea oldfieldii,NA,205,NA,P3,NA
Hakea oldfieldii,?OSC,168,NA,NA,NA
Hakea oleifolia,OSC,149,medium,NA,NA
Hakea pandanicarpa spp crassifolia,OSC,170,slow,NA,NA
Hakea pandanicarpa ssp. crassifolia,OSC,166,slow,NA,NA
Hakea pandanicarpa ssp. pandanicarpa,OSC,158,NA,NA,NA
Hakea preissii,NA,146,NA,NA,NA
Hakea preissii,OSC,175,NA,NA,NA
Hakea prostrata,RS,154,NA,NA,NA
Hakea pycnoneura,NA,158,NA,NA,NA
Hakea roei,NA,181,NA,NA,NA
Hakea ruscifolia,RS,159,NA,NA,NA
Hakea scoparia,OSC,177,rapid to medium,NA,NA
Hakea scoparia ssp trycherica,OSC,186,NA,NA,NA
Hakea scoparia ssp. trycheria,OSC,158,NA,NA,NA
Hakea strumosa,OSC,180,NA,NA,NA
Hakea subsulcata,OSC,170,slow,NA,NA
Hakea sulcata,OSC,153,medium,NA,NA
Hakea sulcata,OSC,168,NA,NA,NA
Hakea trifurcata,OSC,148,slow,NA,NA
Hakea trifurcata,OSS,151,medium to slow,NA,NA
Hakea tuberculata,OSC,151,medium to slow,P3,NA
Hakea tuberculata,OSC,153,medium,P3,NA
Hakea tuberculata,OSC,166,NA,P3,NA
Hakea undulata,OSC,148,rapid,NA,NA
Hakea undulata,OSC,159,slow,NA,NA
Hakea varia,RS,189,NA,NA,NA
Hakea verrucosa,OSC,158,NA,NA,NA
Hakea victoria,OSC,141,NA,NA,NA
Hakea victoriae,OSC,165,medium to slow,NA,NA
Halgania sp. Peak Eleanora (M.A. Burgman 3547 B),NA,205,NA,P2,NA
Hemiandra australis,OSS,206,NA,P2,NA
Hemigena humilis,NA,143,NA,NA,NA
Hemigena podlyarina,NA,143,NA,NA,NA
Hemigenia microphylla,NA,206,NA,P3,NA
Hemigenia platyphylla,NA,206,NA,P4,NA
Hemigenia rigida,NA,206,NA,P1,NA
Hibbertia acrotrichion,NA,206,NA,P2,NA
Hibbertia argentea,OSS,206,NA,P3,NA
Hibbertia carinata,NA,206,NA,P1,NA
Hibbertia charlesii,NA,206,NA,P2,NA
Hibbertia fitzgeraldensis,OSS,206,NA,P3,NA
Hibbertia furfuracea,RS,149,NA,NA,NA
Hibbertia hamata,NA,206,NA,P3,NA
Hibbertia helianthemoides,OSS,159,NA,P3,≤36
Hibbertia pachyphylla,NA,206,NA,P3,NA
Hibbertia papillata,NA,206,NA,P2,NA
Hibbertia porongurupensis,OSS,144,NA,P4,NA
Hibbertia priceana,OSS,206,NA,R,24 to 36
Hibbertia racemosa,OSS,193,rapid,NA,NA
Hibbertia sp. Bandalup Hill (G.F. Craig 3479),NA,206,NA,P1,NA
Hibbertia turleyana,NA,206,NA,P1,NA
Homalaspermum firmum,RS,156,NA,NA,NA
Homalospermum firmum,RS,152,NA,NA,NA
Hopkinsia adscendens,RS,206,NA,P3,NA
Hybanthus volubilis,NA,206,NA,P2,NA
Hydrocotyle coraginaensis,NA,206,NA,P2,NA
Hydrocotyle decipiens,OSS,206,NA,P2,NA
Hydrocotyle muriculata,OSS,206,NA,P1,NA
Hydrocotyle sp. Truslove (M.A. Burgman 4419),OSS,206,NA,P1,NA
Hydrocotyle vigintimilia,OSS,206,NA,P1,NA
Hypocalymma angustifolium,RS,178,NA,NA,NA
Hypocalymma cordifolium subsp minus,NA,206,NA,P4,NA
Hypocalymma ericifolium,OSS,153,NA,NA,NA
Hypocalymma melaleucoides,OSS,206,NA,P2,NA
Hypocalymma phillipsii,RS,206,NA,P3,NA
Hypocalymma sp. Cascade (R. Bruhn 20896),NA,206,NA,P2,NA
Isolepis australiensis,OSS,206,NA,P2,NA
Isopogon alcicornis,RS,206,NA,P3,NA
Isopogon attentuatus,RS,148,NA,NA,NA
Isopogon axillaris,RS,153,NA,NA,NA
Isopogon baxteri,OSC,156,medium,NA,NA
Isopogon buxifolius,OSC,148,NA,NA,NA
Isopogon buxifolius,OSC,166,slow,NA,NA
Isopogon cuneatus,OSC,166,NA,NA,NA
Isopogon formosus,OSC,140,rapid to medium,NA,NA
Isopogon formosus,OSC,158,rapid,NA,NA
Isopogon gardneri,NA,181,NA,NA,NA
Isopogon heterophyllus,?OSC,148,NA,NA,NA
Isopogon latifolius,OSC,155,slow,P3,>84
Isopogon polycephalus,RS,169,NA,NA,NA
Isopogon scabriusculus,NA,181,NA,NA,NA
Isopogon sp Fitzgerald,NA,186,NA,NA,NA
Isopogon sp. Fitzgerald,NA,158,NA,NA,NA
Isopogon sp. Ravesnthorpe,NA,186,NA,NA,NA
Isopogon teretifolius,RS,180,NA,NA,NA
Isopogon trilobus,OSC,165,medium to slow,NA,NA
Isopogon uncinatus,OSS,206,NA,R,36 to 48
Jacksonia calycina,OSS,206,NA,P4,NA
Jacksonia capitata,NA,189,NA,NA,NA
Jacksonia compressa,OSS,206,NA,P4,NA
Jacksonia condensata,NA,189,NA,NA,NA
Jacksonia horrida,NA,161,NA,NA,NA
Jacksonia intricata,OSS,206,NA,P2,NA
Jacksonia spinosa,OSS,151,NA,NA,NA
Jacksonia venosa,NA,189,NA,NA,NA
Jacksonia viscosa,NA,186,NA,NA,NA
Juncus meianthus,NA,206,NA,P2,NA
Juncus spp,NA,153,NA,NA,NA
Kennedia beckxiana,OSS,206,NA,P4,NA
Kennedia glabrata,OSS,206,NA,R,12
Kennedia nigricans,OSS,161,NA,NA,NA
Keraudrenia adenogyna,NA,206,NA,P2,NA
Keraudrenia sp..,NA,146,NA,NA,NA
Kunzea acicularis,OSS,206,NA,P1,NA
Kunzea baxteri,OSC,141,NA,NA,NA
Kunzea baxteri,OSS,142,NA,NA,NA
Kunzea cincinnata,NA,170,NA,NA,NA
Kunzea cinncinata,NA,172,NA,NA,NA
Kunzea ericifolia,OSC,152,NA,NA,NA
Kunzea ericifolia ssp. subulata,NA,206,NA,P2,NA
Kunzea micrantha ssp. hirtiflora,NA,206,NA,P2,NA
Kunzea montana,OSS,155,slow,NA,NA
Kunzea montana,OSS,159,medium to slow,NA,NA
Kunzea pauciflora,OSS,164,medium,P4,NA
Kunzea recurva,OSS/RS,163,rapid to medium,NA,NA
Kunzea similis spp similis,OSS,157,NA,NA,NA
Kunzea similis ssp. mediterranea,OSS,206,NA,R,NA
Kunzea similis ssp. mediterraneae,OSS,170,NA,NA,NA
Kunzea similis ssp. similis,OSS,206,NA,R,NA
Kunzea strigosa,NA,172,NA,NA,NA
Labichea lanceolata,RS,158,NA,NA,NA
Labichea lanceolata ssp. brevifolia,NA,189,NA,NA,NA
Labichea lanceolata subsp.. brevifolia,NA,146,NA,NA,NA
Labichea stellata,NA,176,NA,NA,NA
Lambertia citrina,OSC,166,NA,NA,NA
Lambertia echinata ssp. echinata,OSC,142,NA,R,NA
Lambertia ericifolia,OSC,159,medium,NA,NA
Lambertia fairallii,OSC,156,slow,R,84
Lambertia inermis,OSC,165,medium,NA,NA
Lambertia orbifolia ssp. orbifolia,OSC,206,NA,R,48
Lambertia rariflora ssp. lutea,OSS,207,NA,P3,NA
Lambertia uniflora,OSC,151,medium to slow,NA,NA
Lasiopetalum compactum,NA,169,NA,NA,NA
Lasiopetalum dielsii,NA,207,NA,P2,NA
Lasiopetalum fitzgibbonii,NA,207,NA,P3,NA
Lasiopetalum indutum,NA,146,NA,NA,NA
Lasiopetalum maxwellii,NA,207,NA,P2,NA
Lasiopetalum membraniflorum,OSS,207,NA,P2,48 to 60
Lasiopetalum monticola,NA,207,NA,P3,NA
Lasiopetalum parvuliflorum,NA,189,NA,NA,NA
Lasiopetalum parvuliflorum,OSS,207,NA,P3,≤48
Lasiopetalum rosmarinifolium,NA,146,NA,NA,NA
Lasiopetalum sp. Denmark,OSS,143,rapid to medium,NA,NA
Lasiopetalum sp. Denmark (B.G. Hammersley 2012),OSS,207,NA,P3,24 to 36
Lasiopetalum sp. Desmond N McQuoid 653,OSS?,170,NA,NA,NA
Latrobea brunonis,OSS,151,NA,NA,NA
Latrobea colophona,OSS,207,NA,R,48 to 60
Latrobea pinnacula,OSS,207,NA,P2,NA
Latrobea recurva,NA,207,NA,P3,NA
Laxamnnia grandiflora spp brendae,NA,144,NA,NA,NA
Laxmannia grandiflora ssp. brendae,OSS,207,NA,R,>48
Laxmannia grandiflora ssp. stirlingensis,0SS?,207,NA,P3,24±
Laxmannia jamesii,OSS,207,NA,P4,≤24
Lechenaultia acutiloba,NA,207,NA,P3,NA
Lechenaultia superba,OSS,207,NA,P4,≤24
Lepidium aschersonii,OSS,207,NA,R,NA
Lepidium desvauxii,OSS,207,NA,P2,NA
Lepidium fasciculatum,NA,207,NA,P1,NA
Lepidium pseudotasmanicum,NA,207,NA,P4,NA
Lepidobolus spiralis,RS,207,NA,P2,NA
Lepidosperma 'dense',NA,162,NA,NA,NA
Lepidosperma effusem,RS,149,NA,NA,NA
Lepidosperma gahnioides,NA,207,NA,P2,NA
Lepidosperma tetraquetrum,RS,153,NA,NA,NA
Leptinella drummondii,NA,207,NA,P2,NA
Leptocarpus tenax,RS,153,NA,NA,NA
Leptomeria squarrulosa,OSS,151,NA,NA,NA
Leptospermum conferetum,OSC,157,NA,NA,NA
Leptospermum confertum,OSC,207,NA,P2,NA
Leptospermum erubescens,RS,192,NA,NA,NA
Leptospermum incanum,NA,146,NA,NA,NA
Leptospermum maxwellii,NA,172,NA,NA,NA
Leptospermum roei,NA,181,NA,NA,NA
Leptospermum sericeum,?OSC,142,NA,NA,NA
Leptospermum spinescens,RS,180,NA,NA,NA
Lepyrodia fortunata,OSS,207,NA,P2,NA
Leucopogon Kau Rock,NA,189,NA,NA,NA
Leucopogon acicularis,OSS,207,NA,P2,NA
Leucopogon alternifolius,OSS,207,NA,P3,NA
Leucopogon altissimus,OSS,140,NA,P3,NA
Leucopogon apiculatus,NA,194,NA,NA,NA
Leucopogon apiculatus,OSS,158,NA,P3,NA
Leucopogon atherolepis,OSS,156,NA,NA,NA
Leucopogon blepharolepis,NA,207,NA,P3,NA
Leucopogon bossiaea,NA,207,NA,P2,NA
Leucopogon bracteolaris,NA,207,NA,P2,NA
Leucopogon breviflorus,NA,189,NA,NA,NA
Leucopogon compactus,0SS,207,NA,P4,≥24
Leucopogon concinnus,NA,180,NA,NA,NA
Leucopogon conostephioides,NA,146,NA,NA,NA
Leucopogon conostephoides,OSS,180,medium,NA,NA
Leucopogon corynocarpus,NA,180,NA,NA,NA
Leucopogon cymbiformis,NA,207,NA,P2,NA
Leucopogon denticulatus,OSS,207,NA,P4,NA
Leucopogon flavescens,OSS,151,NA,NA,NA
Leucopogon florulentus,NA,207,NA,P3,NA
Leucopogon gibbosus,OSS,180,NA,NA,NA
Leucopogon glabellus,OSS,151,NA,NA,NA
Leucopogon gnaphalioides,OSS,155,slow,R,60 to 84
Leucopogon gracilis,OSS,151,NA,NA,NA
Leucopogon interruptus,OSS,142,NA,P2,NA
Leucopogon lasiophyllus,OSS,156,NA,P2,<60
Leucopogon minutifolius,NA,180,NA,NA,NA
Leucopogon mollis,OSS,159,NA,NA,NA
Leucopogon multiflorus,OSS,207,NA,P2,NA
Leucopogon obovatus,OSS,152,NA,NA,NA
Leucopogon parviflorus,RS,194,NA,NA,NA
Leucopogon pogonocalyx,OSS,207,NA,P4,NA
Leucopogon psilopus,OSS,207,NA,P2,48 +
Leucopogon rotundifolius,NA,194,NA,P3,NA
Leucopogon rubricaulis,?OSS,152,NA,NA,NA
Leucopogon sp. Barren Range (A.S. George 10092),OSS?,207,NA,P2,NA
Leucopogon sp. Bonnie Hill (K.R. Newbey 9831),NA,207,NA,P1,NA
Leucopogon sp. Ironcaps (N. Gibson & K. Brown 3070),NA,207,NA,P3,NA
Leucopogon sp. Ongerup (A.S. George 16682),NA,207,NA,P1,NA
Leucopogon sp. Roberts Swamp (K.R. Newbey 8173),NA,207,NA,P1,NA
Leucopogon sp. South Coast (K.R. Newbey 8213),NA,208,NA,P1,NA
Leucopogon sp. Southern granite,NA,143,NA,NA,NA
Leucopogon spp,NA,189,NA,NA,NA
Leucopogon tamariscinus,OSS,208,NA,P4,NA
Leucopogon verticillatus,RS,149,NA,NA,NA
Leucopogon woodsii,NA,189,NA,NA,NA
Levenhookia octomaculata,NA,208,NA,P3,NA
Levenhookia pulcherrima,OSS,208,NA,P2,NA
Lissanthe pleurandroides,NA,208,NA,P3,NA
Lissanthe pleurandroides,OSS?,172,NA,NA,NA
Lissanthe synandra,NA,208,NA,P1,NA
Lomandra ordii,RS/OSS,208,NA,P3,NA
Lysinema ciliatum,OSS,189,medium,NA,NA
Lysinema lasianthum,OSS,208,NA,P4,NA
Macrozamia dyeri,RS,186,NA,NA,NA
Marianthus granulatus,OSS,208,NA,P4,NA
Marianthus mollis,OSS,208,NA,R,36
Marianthus sylvaticus,RS/OSS,208,NA,P3,12
Meeboldina crassipes,RS,208,NA,P3,NA
Meeboldina spp,NA,154,NA,NA,NA
Meeboldina thysanantha,NA,208,NA,P3,NA
Melalaueca nesophila,OSC,161,NA,NA,NA
Melaleuca acuimnata,OSC,186,medium,NA,NA
Melaleuca acuminata,NA,171,NA,NA,NA
Melaleuca acuminata,OSC,164,medium,NA,NA
Melaleuca acuminata,RS,175,NA,NA,NA
Melaleuca agathosmoides,NA,208,NA,P1,NA
Melaleuca apodocephala,NA,189,NA,NA,NA
Melaleuca araucarioides,NA,208,NA,P4,NA
Melaleuca basicephala,NA,208,NA,P4,36?
Melaleuca bracteosa,NA,160,NA,NA,NA
Melaleuca brevifolia,NA,189,NA,NA,NA
Melaleuca brevifolia,?OSC,184,NA,NA,NA
Melaleuca bromelioides,NA,146,NA,NA,NA
Melaleuca calycina,OSC,181,medium to slow,NA,NA
Melaleuca calycina,RS,186,NA,NA,NA
Melaleuca citrina,RS,157,NA,NA,NA
Melaleuca cliffortioides,RS,173,NA,NA,NA
Melaleuca cliffortoides,RS,171,NA,NA,NA
Melaleuca coccinea,NA,178,NA,NA,NA
Melaleuca cordata,RS/OSC,177,NA,NA,NA
Melaleuca cornicarpa,OSC?,182,NA,NA,NA
Melaleuca coronicarpa,OSC,171,NA,NA,NA
Melaleuca cucullata,OSC,186,NA,NA,NA
Melaleuca cucullata,OSC?,169,NA,NA,NA
Melaleuca cuticularis,RS ep,163,NA,NA,NA
Melaleuca cuticularis,RS ep/OSC,150,NA,NA,NA
Melaleuca dempta,OSC,208,NA,P3,NA
Melaleuca densa,OSC?,152,NA,NA,NA
Melaleuca diosmifolia,NA,208,NA,P3,NA
Melaleuca diosmifolia,OSC,140,slow,NA,NA
Melaleuca eleuterostachya,NA,146,NA,NA,NA
Melaleuca elliptica,OSC,186,medium,NA,NA
Melaleuca elliptica,RS/OSC,142,medium,NA,NA
Melaleuca eximia,NA,146,NA,P2,NA
Melaleuca fissurata,NA,208,NA,P4,NA
Melaleuca fulgens,NA,146,NA,NA,NA
Melaleuca fulgens,RS,142,NA,NA,NA
Melaleuca fulgens,RS?,158,NA,NA,NA
Melaleuca glaberimma,OSC,146,NA,NA,NA
Melaleuca glaberrima,OSC,171,NA,NA,NA
Melaleuca glena,NA,146,NA,NA,NA
Melaleuca globifera,RS/OSC,194,slow,NA,NA
Melaleuca globiferra,R/OSC,142,NA,NA,NA
Melaleuca globiferra,RS/OSC,186,NA,NA,NA
Melaleuca halmaturorum,NA,174,NA,NA,NA
Melaleuca hamata,RS,169,NA,NA,NA
Melaleuca haplantha,OSC,160,NA,NA,NA
Melaleuca haplantha,OSC?,169,NA,NA,NA
Melaleuca incana,RS,153,NA,NA,NA
Melaleuca incana ssp tenella,OSC,187,NA,NA,NA
Melaleuca incana ssp. tenella,OSC,186,NA,P3,NA
Melaleuca lanceolata,OSC,140,slow,NA,NA
Melaleuca lanceolata,OSC,177,NA,NA,NA
Melaleuca lateriflora,RS/OSC,177,NA,NA,NA
Melaleuca lateriflora ssp. lateriflora,RS,182,NA,NA,NA
Melaleuca lateriflora ssp. lateriflora,RS/OSC,171,NA,NA,NA
Melaleuca lateritia,RS,150,NA,NA,NA
Melaleuca laxiflora,NA,192,NA,NA,NA
Melaleuca lecanantha,NA,189,NA,NA,NA
Melaleuca macronychia ssp. trygonoides,NA,208,NA,P3,NA
Melaleuca micromera,NA,208,NA,P3,NA
Melaleuca microphylla,RS ep,152,NA,NA,NA
Melaleuca nesophila,OSC,157,NA,NA,NA
Melaleuca ordinifolia,NA,208,NA,P2,NA
Melaleuca papillosa,NA,208,NA,P4,NA
Melaleuca pauciflora,RS,150,NA,NA,NA
Melaleuca pauperiflora,OSC,160,NA,NA,NA
Melaleuca pauperiflora spp pauperiflora,OSC,170,NA,NA,NA
Melaleuca pauperiflora ssp. fastigiata,OSC,192,NA,NA,NA
Melaleuca penicula,NA,178,NA,P2,NA
Melaleuca pentagona,NA,171,NA,NA,NA
Melaleuca pentagona,OSC,194,NA,NA,NA
Melaleuca pentagona,RS,177,NA,NA,NA
Melaleuca pentagona,RS/OSC,186,NA,NA,NA
Melaleuca pentagona ssp raggedensis,OSC?,158,NA,NA,NA
Melaleuca pentagona ssp. latifolia,NA,189,NA,NA,NA
Melaleuca phoidophylla,NA,177,NA,NA,NA
Melaleuca podiocarpa,NA,146,NA,NA,NA
Melaleuca polycephala,NA,208,NA,P3,NA
Melaleuca pomphostoma,NA,171,NA,NA,NA
Melaleuca preissiana,RS ep,163,NA,NA,NA
Melaleuca preissiana,RS ep / OSC,147,NA,NA,NA
Melaleuca preissiana,RS ep/OSC,150,NA,NA,NA
Melaleuca pritzelii,NA,208,NA,P2,NA
Melaleuca pulchella,RS,180,NA,NA,NA
Melaleuca pungens,OSC,159,NA,NA,NA
Melaleuca pungens,OSC,181,medium,NA,NA
Melaleuca rhaphiophylla,RS /OSC,150,NA,NA,NA
Melaleuca rhaphiophylla,RS ep/ OSC,147,NA,NA,NA
Melaleuca rigidifolia,NA,171,NA,NA,NA
Melaleuca rigidifolia,OSC,160,NA,NA,NA
Melaleuca ringens,RS/OSC,208,NA,P3,36 to 48
Melaleuca sapientes,OSC,181,NA,NA,NA
Melaleuca scabra,RS,189,NA,NA,NA
Melaleuca scabra,RS/OSC,187,NA,NA,NA
Melaleuca sculponeata,NA,208,NA,P3,NA
Melaleuca sheathiana,OSC,174,NA,NA,NA
Melaleuca sheathiana,OSC?,192,NA,NA,NA
Melaleuca similis,RS,208,NA,P1,NA
Melaleuca societatis,OSC,171,NA,NA,NA
Melaleuca sp. Gorse,OSC,170,NA,NA,NA
Melaleuca sp. Kundip,OSC,160,NA,NA,NA
Melaleuca sp. Kundip (G.F. Craig 6020),OSC,208,NA,P1,NA
Melaleuca spathulata,RS,168,NA,NA,NA
Melaleuca spp,NA,174,NA,NA,NA
Melaleuca stramentosa,OSC,160,NA,P3,NA
Melaleuca striata,RS,165,NA,NA,NA
Melaleuca strobophylla,NA,189,NA,NA,NA
Melaleuca subalaris,NA,192,NA,NA,NA
Melaleuca suberosa,RS,163,NA,NA,NA
Melaleuca subfalcata,NA,164,NA,NA,NA
Melaleuca subfalcata,?,184,NA,NA,NA
Melaleuca subtrigona,RS,168,NA,NA,NA
Melaleuca teuthidoides,NA,170,NA,NA,NA
Melaleuca thapsina,OSC,170,NA,NA,NA
Melaleuca thymoides,RS,152,NA,NA,NA
Melaleuca torquata,NA,170,NA,NA,NA
Melaleuca tuberculata,NA,187,NA,NA,NA
Melaleuca uncinata,RS,158,NA,NA,NA
Melaleuca undulata,OSC,158,NA,NA,NA
Melaleuca viminea,OSC,147,medium,NA,NA
Melaleuca viminea,OSC,152,NA,NA,NA
Melaleuca viminea,OSC,154,medium to slow,NA,NA
Melaleuca viminea ssp. appressa,NA,208,NA,P2,NA
Melaleuca viminea ssp. demissa,?OSC,194,NA,NA,NA
Melaleuca violacea,NA,168,NA,NA,NA
Melaleuca violaceae,NA,166,NA,NA,NA
Meleluca spathulata,RS,153,NA,NA,NA
Melleuca pulchella,RS,192,NA,NA,NA
Meziella trifida,OSS,208,NA,R,NA
Microcorys lenticularis,OSS,208,NA,P2,≤48
Microcorys longiflora,OSS,208,NA,P3,NA
Microcorys pimeleoides,OSS?,208,NA,P3,NA
Microcorys sp. Boxwood (K.R. Newbey 4200),OSS,208,NA,P1,NA
Microcorys sp. Stirling Range (S. Barrett 1392),OSS?,208,NA,P2,NA
Microcybe pauciflora ssp. grandis,NA,208,NA,P3,NA
Microlaena stipioides,RS,154,NA,NA,NA
Micromyrtus elobata,NA,146,NA,NA,NA
Micromyrtus elobata ssp. scopula,NA,208,NA,P3,NA
Micromyrtus imbricata,NA,146,NA,NA,NA
Micromyrtus navicularis,OSS,208,NA,P3,NA
Microseris scapigera,NA,208,NA,P3,NA
Microtis globula,GEO,208,NA,R,NA
Microtis media ssp. quadrata,NA,208,NA,P4,NA
Microtis pulchella,GEO,208,NA,P4,NA
Mirbelia densiflora,NA,208,NA,P1,NA
Mirbelia dilata,OSS,150,rapid,NA,NA
Mirbelia dilatata,OSS,142,rapid,NA,NA
Mirbelia microphylla,NA,146,NA,NA,NA
Mitreola minima,OSS,209,NA,P3,NA
Monotoca aristata,NA,157,NA,NA,NA
Monotoca aristata,OSS,209,NA,P2,NA
Monotoca leucantha,OSS,209,NA,P3,NA
Muiriantha hassellii,OSS,209,NA,P4,24
Myoporum cordifolium,OSS,209,NA,R,36
Myoporum insulare,NA,194,NA,NA,NA
Myoporum oppositifolium,OSS,154,rapid,NA,NA
Myoporum tetrandum,OSC,194,NA,NA,NA
Myoporum turbinatum,OSS,209,NA,R,24 to 36?
Myoporum velutinum,OSS,209,NA,P1,NA
Myriocephalus appendiculatus,NA,209,NA,P3,NA
Myriocephalus biflorus,NA,209,NA,P2,NA
Myriophyllum balladoniense,NA,209,NA,P4,NA
Myriophyllum petraeum,NA,209,NA,P4,NA
Olax scalariformis,NA,209,NA,P3,NA
Olearia laciniifolia,NA,209,NA,P2,NA
Olearia muelleri,NA,177,NA,NA,NA
Olearia paucidentata,OSS,143,NA,NA,NA
Opercularia hirsuta,NA,209,NA,P2,NA
Opercularia rubioides,NA,209,NA,P2,NA
Orthrosanthus muelleri,GEO,209,NA,R,NA
Otion rigidum,NA,209,NA,P2,NA
Paracaleana parvula,NA,209,NA,P2,NA
Paraserianthes lophantha,OSS,149,rapid,NA,NA
Parmeliopsis macrospora,NA,209,NA,P3,NA
Patersonia inaequalis,NA,209,NA,P2,NA
Pentapogon quadrifidus var.. quadrifidus,OSS,209,NA,P2,12
Pericalymma ellipticum,RS,163,NA,NA,NA
Pericalymma spongicaule,OSC,154,NA,NA,NA
Persoonia baeckeoides,NA,209,NA,P1,NA
Persoonia brevirhachis,NA,209,NA,P3,NA
Persoonia cymbifolia,NA,209,NA,P3,NA
Persoonia longifolia,RS,149,NA,NA,NA
Persoonia micranthera,OSS,155,slow,R,NA
Persoonia scabra,NA,209,NA,P3,NA
Persoonia striata,RS/OSS,180,NA,NA,NA
Persoonia teretifolia,NA,146,NA,NA,NA
Petrophile acicularis,OSC,152,NA,NA,NA
Petrophile anceps,OSC,159,NA,NA,NA
Petrophile biternata,NA,209,NA,P3,NA
Petrophile carduacea,OSC,159,NA,NA,NA
Petrophile crispata,NA,168,NA,NA,NA
Petrophile divaricata,OSC,166,NA,NA,NA
Petrophile diversifolia,OSC,149,medium,NA,NA
Petrophile ericifolia,OSC,166,medium,NA,NA
Petrophile ericifolia,OSS,165,NA,NA,NA
Petrophile fastigiata,NA,146,NA,NA,NA
Petrophile fastigiata,OSC?,184,NA,NA,NA
Petrophile glauca,OSC,171,slow,NA,NA
Petrophile longifolia,NA,209,NA,P3,NA
Petrophile longifolia,OSC,159,NA,NA,NA
Petrophile media,NA,148,NA,NA,NA
Petrophile phyllicoides,OSC,154,slow,NA,NA
Petrophile rigida,RS,152,NA,NA,NA
Petrophile seminuda,RS/OSC,171,medium,NA,NA
Petrophile seminuda,RS/OSC,182,NA,NA,NA
Petrophile seorsiflora,NA,184,NA,NA,NA
Petrophile serruriae,OSC,148,medium,NA,NA
Petrophile serruriae,OSC,159,medium to slow,NA,NA
Petrophile serrurieae,OSC,166,medium to slow,NA,NA
Petrophile squamata,OSC,160,slow,NA,NA
Petrophile squamata ssp. northern,OSC,158,NA,NA,NA
Petrophile stricta,NA,182,NA,NA,NA
Petrophile teretifolia,NA,158,NA,NA,NA
Petrophile teretifolia,OSC,187,medium to slow,NA,NA
Petrophile teretifolia,RS/OSC,165,medium,NA,NA
Petrophile teretifolia,RS/OSC,184,NA,NA,NA
Phebalium lepidotum,NA,146,NA,NA,NA
Philotheca apiculata,NA,209,NA,P2,NA
Philotheca cymbiformis,NA,209,NA,P2,NA
Philotheca gardneri spp Ravesnthorpe,NA,173,NA,NA,NA
Philotheca gardneri ssp. Ravensthorpe (G.F. Craig 6902),NA,209,NA,P1,NA
Philotheca gardneri ssp. globosa,NA,209,NA,P1,NA
Phlegmatospermum eremaeum,NA,209,NA,P2,NA
Phyllanthus calycina,NA,146,NA,NA,NA
Phyllanthus calycinus,OSS,194,NA,NA,NA
Phyllantus scaber,OSS,194,NA,NA,NA
Phyllota barbata,OSS,152,NA,NA,NA
Phymatocarpus maxwellii,OSC,184,NA,NA,NA
Pilostyles collina,NA,209,NA,P4,NA
Pimelea argentea,OSS,194,NA,NA,NA
Pimelea clavata,OSS,154,rapid,NA,NA
Pimelea clavata,OSS,194,NA,NA,NA
Pimelea halophila,NA,209,NA,P2,NA
Pimelea longiflora ssp. eyrei,NA,209,NA,P2,NA
Pimelea neokyrea,NA,209,NA,P2,NA
Pimelea pelinos,NA,209,NA,P1,NA
Pimelea physodes,OSS,209,NA,P4,NA
Pimelea rosea ssp. annelsii,NA,209,NA,P3,NA
Pittosporum angustifolium,NA,177,NA,NA,NA
Pityrodia chrysocalyx,NA,209,NA,P3,NA
Pityrodia exserta,NA,157,NA,NA,NA
Platysace sp. Stirling (J.M. Fox 88/262),OSS,209,NA,P2,24
Pleurophascum occidentale,MOSS,209,NA,P4,NA
Poa drummoniana,RS,154,NA,NA,NA
Poa porphryoclados,NA,154,NA,NA,NA
Pomaderris grandis,OSS,209,NA,P4,24
Pomaderris myrtilloides,NA,194,NA,NA,NA
Prasophyllum paulineae,GEO,209,NA,P1,NA
Prostanthera carrickiana,NA,146,NA,NA,NA
Prostanthera carrickiana,OSS,209,NA,P4,NA
Prostanthera splendens,NA,209,NA,P1,NA
Prostanthera verticillaris,OSS,209,NA,P1,NA
Prostanthera verticllaris,OSS,140,NA,NA,NA
Pterostylis recurva,NA,146,NA,NA,NA
Pterostylis sanguinea,NA,146,NA,NA,NA
Pterostylis sp. Ongerup (K.R. Newbey 4874),GEO,210,NA,P4,NA
Ptilotus halophilus,NA,210,NA,P4,NA
Pulenaea calycina ssp. proxaena,OSS,172,NA,NA,NA
Pultenaea adunca,NA,210,NA,P3,NA
Pultenaea brachyphylla,NA,210,NA,P2,NA
Pultenaea brachyphylla,OSS,180,NA,NA,NA
Pultenaea calycina ssp. calycina,NA,210,NA,P3,NA
Pultenaea calycina ssp. proxaena,OSS,170,NA,NA,NA
Pultenaea calycina ssp. proxena,OSS,210,NA,P4,NA
Pultenaea craigiana,OSS?,160,NA,NA,NA
Pultenaea daena,OSS,210,NA,P3,≤24
Pultenaea indira ssp. monstrosita,NA,210,NA,P3,NA
Pultenaea indira ssp. pudoides,NA,210,NA,P2,NA
Pultenaea pinifolia,NA,210,NA,P3,NA
Pultenaea sp. Kundip (G.F. Craig 6008),OSS?,210,NA,P1,NA
Pultenaea wudjariensis,NA,210,NA,P1,NA
Pultenaeae heteroclita,NA,161,NA,NA,NA
Pultenaeae heteroclita,OSS,194,NA,NA,NA
Pultenaeae verruculosa,OSS,151,NA,NA,NA
Reedia spathacea,RS,153,NA,R,NA
Regelia cymbifolia,NA,210,NA,P4,NA
Regelia inops,NA,168,NA,NA,NA
Rhacocarpus rehmannianus var.. webbianus,Cryptogram,210,NA,R,NA
Rhadinothamnus anceps,OSS,154,rapid,NA,NA
Rhadinothamnus rudis,NA,164,NA,NA,NA
Rhadinothamnus rudis,OSS,194,NA,NA,NA
Rhadinothamnus rudis ssp. linearis,?OSS,210,NA,P4,36 to 48
Rhizanthella gardneri,GEO,210,NA,R,NA
Rhodanthe pyrethrum,OSS,210,NA,P3,12
Ricinocarpos pilifer,OSS,210,NA,P2,NA
Ricinocarpos trichophorus,OSS,210,NA,R,NA
Ricinocarpus glaucus,OSS,140,rapid,NA,NA
Rinzia affinis,NA,210,NA,P4,NA
Rinzia longifolia,NA,210,NA,P1,NA
Rorippa cygnorum,OSS?,210,NA,P2,24
Rorripa dictyosperma,OSS,210,NA,P2,9
Rulingia apella,NA,210,NA,P1,NA
Rulingia coryfolia,NA,194,rapid,NA,NA
Rumex drummondii,NA,210,NA,P4,NA
Rumicastrum chamaecladum,OSS,210,NA,P2,6
Salt Lakes fringing,NA,174,NA,NA,NA
Sanatalum acuminatum,OSS,171,slow,NA,NA
Santalum acuminatum,OSS,146,NA,NA,NA
Santalum acuminatum,OSS,171,slow,NA,NA
Santalum murrayanum,OSS?,192,NA,NA,NA
Santalum spicatum,OSS,176,slow,NA,NA
Sarcocornia globosa,NA,210,NA,P3,NA
Scaevola archeriana,NA,210,NA,P1,NA
Scaevola brookeana,OSS/RS,210,NA,P2,24 to 36
Scaevola macrophylla,OSS,210,NA,R,NA
Scaevola paludosa,NA,210,NA,P2,NA
Scaevola sp. Waychinicup (E.M. Sandiford EMS 1336),OSS,210,NA,P2,24
Scaevola tortuosa,NA,210,NA,P1,NA
Schizaea rupestris,Comb-fern,210,NA,P2,NA
Schoenus benthamii,NA,210,NA,P3,NA
Schoenus multiglumis,NA,153,NA,NA,NA
Schoenus natans,NA,210,NA,P4,NA
Schoenus sp. Grassy (E. Gude & J. Harvey 250),NA,210,NA,P2,NA
Schoenus sp. Grey Rhizome (K.L. Wilson 2922),NA,210,NA,P1,NA
Schoenus sp. Mt Barker (G.J. Keighery 9679),NA,210,NA,P1,NA
Schoenus sp. Stirling (G.J. Keighery 3427),NA,210,NA,P2,NA
Schoenus spp,NA,154,NA,NA,NA
Selliera radicans,NA,210,NA,P2,NA
Senecio gilbertii,NA,210,NA,P1,NA
Senna artesmoides,NA,190,NA,NA,NA
Senna artesmoides ssp filifolia,OSS,169,NA,NA,NA
Senna artesmoides ssp. filifolia,OSS,175,NA,NA,NA
Siegfriedia darwinioides,OSS,170,rapid to medium,P4,<48
Sowerbaea multicaulis,GEO,210,NA,P4,NA
Sphaerolobium benetectum,NA,210,NA,P1,NA
Sphaerolobium pubescens,OSS,210,NA,P3,24 to 36
Sphaerolobium spp,NA,153,NA,NA,NA
Sphaerolobium validum,NA,210,NA,P3,NA
Sphagnum novozelandicum,Moss,211,NA,P2,NA
Sphenotoma drummondii,OSS,140,slow,R,>60
Sphenotoma gracile,OSS,153,NA,NA,NA
Sphenotoma parviflora,OSS,211,NA,P3,24
Sphenotoma sp. Stirling,OSS,155,medium,NA,NA
Sphenotoma sp. Stirling Range (P.G. Wilson 4235),OSS,211,NA,P3,≥48
Spryidium globulosum,OSS,161,NA,NA,NA
Spyridium glaucum,OSS,170,rapid to medium,P4,NA
Spyridium globulosum,OSS,162,rapid,NA,NA
Spyridium montanum,OSS,211,NA,P2,>36
Spyridium mucronatum ssp. multiflorum,NA,211,NA,P2,NA
Spyridium mucronatum ssp. recurvum,NA,211,NA,P3,NA
Spyridium oligocephalum,OSS,211,NA,P3,NA
Spyridium riparium,OSS,211,NA,P2,36 to 48
Spyridium spadiceum,NA,211,NA,P2,NA
Spyridium villosum,OSS,211,NA,P2,60
Stachystemon vinosus,OSS,211,NA,P4,NA
Stenanthemum bremerense,NA,211,NA,P3,NA
Stenanthemum cristatum,NA,211,NA,P2,NA
Stenanthemum pumilum ssp. pumilum,OSS?,211,NA,P3,NA
Stenanthemum sublineare,NA,211,NA,P2,NA
Stirlingia anaethifolia,OSS,184,rapid,NA,NA
Stirlingia anethifolia,OSC,190,rapid,NA,NA
Stirlingia divaricatissima,OSS,211,NA,P3,24
Stirlingia tenuifolia,OSS,160,medium,NA,NA
Stirlingia tenuifolia,RS/OSS,165,medium,NA,NA
Stylidium articulatum,OSS,211,NA,P2,NA
Stylidium bellum,OSS,211,NA,P2,NA
Stylidium clavatum,OSS,211,NA,P3,NA
Stylidium corymbosum var.. proliferum,OSS,211,NA,P2,NA
Stylidium daphne,OSS,211,NA,P2,NA
Stylidium diplectroglossum,OSS,211,NA,P1,NA
Stylidium falcatum,OSS,211,NA,P1,NA
Stylidium galioides,OSS,211,NA,R,>48
Stylidium glandulosum,OSS,211,NA,P3,NA
Stylidium gloeophyllum,OSS,211,NA,P3,NA
Stylidium keigheryi,OSS,211,NA,P2,36 +
Stylidium leeuwinense,OSS,211,NA,P3,24
Stylidium lepidum,OSS,211,NA,P3,NA
Stylidium plantagineum,RS,211,NA,P4,NA
Stylidium pseudohirsutum,OSS,211,NA,P3,NA
Stylidium pulviniforme,OSS,211,NA,P3,NA
Stylidium rhipidium,OSS,211,NA,P3,NA
Stylidium rosulatum,OSS,211,NA,P2,NA
Stylidium sejunctum,OSS,211,NA,P2,NA
Stylidium sp. Bluff Knoll (S. Barrett s.n. 8/11/1994),OSS,211,NA,P2,NA
Stylidium tylosum,OSS,211,NA,P1,NA
Stylidium verticillatum,0SS,211,NA,P3,<36
Styphelia hainsii,NA,190,NA,NA,NA
Styphelia pulchella,NA,190,NA,NA,NA
Synaphea bifurcata,NA,211,NA,P3,NA
Synaphea decumbens,NA,211,NA,P3,NA
Synaphea hians,NA,211,NA,P3,NA
Synaphea incurva,NA,211,NA,P1,NA
Synaphea intricata,OSS,211,NA,P3,48
Synaphea platyphylla,NA,211,NA,P3,NA
Synaphea preissii,NA,211,NA,P3,NA
Taxandria angustifolia,RS,154,NA,NA,NA
Taxandria callistachys,NA,142,NA,NA,NA
Taxandria callistachys,RS,187,NA,NA,NA
Taxandria conspicua,NA,143,NA,NA,NA
Taxandria conspicua ssp. abrupta,RS?,187,NA,NA,NA
Taxandria floribunda,OSC,155,NA,NA,NA
Taxandria fragrans,RS,154,NA,NA,NA
Taxandria juniperina,OSC,152,medium to slow,NA,NA
Taxandria juniperina,OSC,153,NA,NA,NA
Taxandria linearifolia,RS,156,NA,NA,NA
Taxandria linearifolia,RS / OSC,153,NA,NA,NA
Taxandria marginata,NA,143,NA,NA,NA
Taxandria marginata,RS /OSC,144,NA,NA,NA
Taxandria marginata,RS/ OSC,140,NA,NA,NA
Taxandria marginata,RS/OSC,142,NA,NA,NA
Taxandria parviceps,RS,151,NA,NA,NA
Taxandria spathulata,RS/OSC,160,NA,NA,NA
Tecticornia entrichoma,NA,211,NA,P4,NA
Tecticornia indefessa,NA,212,NA,P2,NA
Tecticornia uniflora,NA,212,NA,P4,NA
Templetonia retusa,OSS,162,medium,NA,NA
Templetonia retusa,OSS,192,NA,NA,NA
Tetratheca applanata,NA,212,NA,P1,NA
Tetratheca pilata,NA,212,NA,P1,NA
Tetratheca sp. Kent River (B.G. Hammersley 1791),NA,212,NA,P1,NA
Thelymitra jacksonii,GEO,212,NA,P3,12
Thelymitra psammophila,GEO,212,NA,R,NA
Thomasia dielsii,NA,212,NA,P1,NA
Thomasia discolor,OSS,140,NA,P3,24
Thomasia foliosa,NA,147,NA,NA,NA
Thomasia multiflora,NA,212,NA,P1,NA
Thomasia purpurea x solanacea,NA,212,NA,P1,NA
Thomasia pygmaea,NA,212,NA,P3,NA
Thomasia quercifolia,NA,212,NA,P2,NA
Thomasia solanacea,?RS,212,NA,P3,NA
Thomasia sp.,NA,161,NA,NA,NA
Thomasia sp. Toolbrunup (G.J. Keighery 9895),RS,212,NA,P3,NA
Thryptomene appressa,NA,182,NA,NA,NA
Thryptomene australis,OSC,142,NA,NA,NA
Thryptomene australis,OSC,178,rapid,NA,NA
Thryptomene australis ssp. brachyandra,NA,192,NA,NA,NA
Thryptomene kochii,NA,177,NA,NA,NA
Thryptomene saxicola,OSC,194,NA,NA,NA
Thryptomene saxicola,RS/OSC,140,NA,NA,NA
Thysanotus baueri,GEO?,212,NA,P1,NA
Thysanotus brachiatus,GEO?,212,NA,P2,NA
Thysanotus brachyantherus,GEO?,212,NA,P2,NA
Thysanotus brevifolius,GEO?,212,NA,P2,NA
Thysanotus gageoides,GEO?,212,NA,P3,NA
Thysanotus glaucus,GEO?,212,NA,P4,NA
Thysanotus isantherus,GEO?,212,NA,P3,NA
Thysanotus parviflorus,GEO?,212,NA,P2,NA
Thysanotus tenuis,GEO?,212,NA,P3,NA
Torrendia grandis,NA,212,NA,P2,NA
Torrendia inculta,NA,212,NA,P2,NA
Trachymene anisocarpa var.. trichocarpa,OSS,212,NA,P3,NA
Trachymene croniniana,OSS,212,NA,P3,NA
Tremulina tremula,OSS,153,NA,NA,NA
Tribonanthes purpurea,GEO,212,NA,R,NA
Tribonanthes sp. Lake Muir (G.J. Keighery & N. Gibson 2134),NA,212,NA,P3,NA
Triglochin protuberans,NA,212,NA,P3,NA
Triglochin stowardii,NA,212,NA,P3,NA
Trithuria australis,OSS,212,NA,P2,NA
Trymalium litorale,OSS,212,NA,P1,NA
Trymalium myrtillus ssp. myrtillus,NA,192,NA,NA,NA
Trymalium myrtillus ssp. pungens,NA,212,NA,P1,NA
Trymalium odaritissimum,OSS,149,rapid,NA,NA
Tyrbastes glaucescens,OSS,212,NA,P4,NA
Usnea pulvinata,Lichen,212,NA,P1,NA
Velleia exigua,NA,212,NA,P2,NA
Velleia foliosa,OSS,212,NA,P4,24±
Vericorida longistylis,OSS?,164,NA,NA,NA
Verticodia pityrhops,OSS,157,slow,NA,NA
Verticordia apecta,RS,212,NA,R,NA
Verticordia brevifolia ssp. brevifolia,RS,212,NA,P3,NA
Verticordia brevifolia ssp. stirlingensis,RS,212,NA,P2,NA
Verticordia carinata,OSS,212,NA,R,add
Verticordia coronata,RS,212,NA,P3,NA
Verticordia crebra,OSS,164,rapid,R,29
Verticordia endlicheriana var. angustifolia,NA,144,NA,NA,NA
Verticordia endlicheriana var.. angustifolia,RS/OSS,212,NA,P2,36 to 48
Verticordia fastigiata,OSS,164,NA,NA,NA
Verticordia fimbrilepis ssp. australis,RS/OSS,212,NA,R,NA
Verticordia harveyi,OSS,213,NA,P4,>30
Verticordia helichrysantha,OSS,213,NA,R,>48
Verticordia helicrysantha,OSS,164,medium,NA,NA
Verticordia huegelii var.. tridens,RS/OSS,213,NA,P3,NA
Verticordia integra,OSS,213,NA,P4,NA
Verticordia longistylis,OSS,213,NA,P3,NA
Verticordia oxylepis,OSS,172,NA,NA,NA
Verticordia pityrhops,OSS,213,NA,R,84
Verticordia plumosa,OSS,140,NA,NA,NA
Verticordia sieberi var.. pachyphylla,OSS?,213,NA,P1,NA
Verticordia spp,NA,178,NA,NA,NA
Verticordia verticordina,OSS,213,NA,P3,NA
Verticordia vicinella,OSS?,184,NA,P4,NA
Villarsia calthifolia,OSS,144,rapid,R,24
Villarsia marchantii,NA,213,NA,P4,NA
Villarsia submersa,NA,213,NA,P4,NA
Warnstorfia fluitans,MOSS,213,NA,P1,NA
Westringia spp,NA,192,NA,NA,NA
Wurmbea sp. Cranbrook (A.R. Annels 3819),NA,213,NA,P2,NA
Xanthoparmelia sargentii,Lichen,213,NA,P1,NA
Xanthoparmelia subimitatrix,Lichen,213,NA,P1,NA
Xanthorrhoea brevistyla,NA,213,NA,P4,NA
Xanthorrhoea platyphylla,RS,148,NA,NA,NA
Xanthorrhoea playtphylla,RS,184,NA,NA,NA
Xanthosia collina,OSS,213,NA,P3,NA
Xanthosia eichleri,NA,213,NA,P3,NA
Xanthosia peduncularis,NA,213,NA,P3,NA
Xyris exilis,OSS,156,medium,R,48 to 60
